Gender,Age,Figure,Job,Heavy:Light,Passive:Active,Cold:Warm,Dirty:Clean,Traditional:Modern,Plain: Gaudy,Tense:Relaxed,FatL:SlimL,Masculine:Feminine,HMatch:EMatch,Dislike:Like,Group
女,18~25,偏胖的,行N企,1,3,2,1,2,3,-2,1,3,-2,-2,0
女,18~25,偏胖的,O,-2,3,3,1,1,2,-1,-3,3,-3,-3,0
女,18~25,偏瘦的,学生,2,2,2,3,3,-2,3,2,3,3,3,0
女,18~25,均匀的,财务会计,1,-1,1,3,1,-1,2,-1,1,2,1,0
女,18~25,均匀的,学生,3,3,-1,3,1,2,3,3,1,3,3,0
女,26~30,均匀的,O,1,-3,3,1,2,2,2,-1,-1,-1,1,0
女,26~30,偏胖的,服装,2,2,1,3,2,1,-1,1,-1,1,-1,0
女,26~30,均匀的,教师,3,2,-2,2,-3,-3,3,1,1,3,1,0
女,26~30,均匀的,医师,2,2,-1,3,-1,-2,2,-2,1,3,3,0
女,26~30,偏胖的,医学,1,2,1,3,-3,-3,-2,-3,2,1,1,0
女,26~30,均匀的,服装,1,2,-1,-2,2,2,-1,-1,2,-3,-2,0
女,26~30,均匀的,服装设计,-1,2,1,-1,2,2,1,-2,-3,-2,-3,0
女,26~30,均匀的,纺织研究助理,1,3,2,2,1,2,1,-1,-3,-1,-2,0
女,31~40,偏瘦的,(空),-2,2,2,1,-1,1,-1,-1,2,1,1,0
女,31~40,均匀的,(空),1,1,3,1,2,2,2,1,3,-1,1,0
女,31~40,均匀的,教师,-1,1,1,1,-1,1,-1,1,-2,2,1,0
女,31~40,偏胖的,教育,-2,3,2,1,-1,2,-2,1,2,1,1,0
男,18~25,均匀的,master of school of architecture,1,-2,1,2,-1,1,-2,-1,-2,-2,-2,0
男,18~25,偏瘦的,广告,2,1,1,-3,-3,-3,2,-3,3,-3,-3,0
男,18~25,均匀的,学生,2,2,2,2,1,-1,-1,1,2,-1,-2,0
男,18~25,均匀的,学生,1,3,1,1,1,-1,1,1,1,1,1,0
男,18~25,均匀的,学生,1,3,1,1,-1,1,2,-1,-2,3,3,0
男,18~25,均匀的,学生,3,1,1,3,-1,-1,3,1,-1,3,1,0
男,18岁以下,偏瘦的,本科在校学生,3,1,3,3,3,1,3,3,-3,3,3,0
男,26~30,偏胖的,学生,1,2,1,2,3,3,-1,-1,2,-1,3,0
男,26~30,均匀的,颜色科学,3,2,3,3,3,3,3,3,3,1,3,0
男,26~30,偏胖的,(空),1,3,-1,3,-1,-1,-1,-1,-1,2,1,0
男,26~30,偏瘦的,design master,2,2,2,-1,2,2,-2,1,2,-1,1,0
男,31~40,偏胖的,工业设计,2,2,2,1,2,2,1,1,3,-2,-3,0
男,31~40,偏胖的,教,1,2,2,2,2,2,1,1,1,-1,1,0
男,31~40,偏胖的,(空),2,3,2,2,2,3,-2,2,2,-1,1,0
男,31~40,偏胖的,design phd,-1,2,2,3,1,1,1,-1,2,1,-1,0
男,31~40,偏胖的,(空),1,2,2,2,2,1,2,1,2,-1,1,0
男,41~50,均匀的,教师,1,3,1,1,-1,-1,-2,-1,2,-3,-2,0
女,18~25,偏胖的,行N企,-2,-3,-1,-3,-2,-2,-2,-2,3,-3,1,1
女,18~25,偏胖的,O,-2,2,-1,-3,-2,-1,-3,-3,3,-3,-3,1
女,18~25,偏瘦的,学生,1,-2,-1,3,3,-1,1,3,-3,3,3,1
女,18~25,均匀的,财务会计,-2,-2,-2,3,-2,-2,-1,1,-1,-1,-1,1
女,18~25,均匀的,学生,-1,-1,-2,-1,1,1,-1,-1,-1,2,-2,1
女,26~30,均匀的,O,-3,1,-1,-2,1,1,-2,-1,-1,-2,-3,1
女,26~30,偏胖的,服装,-1,-2,-1,2,2,1,1,1,1,-2,2,1
女,26~30,均匀的,教师,-1,-2,-1,-1,-2,-2,-1,2,-2,2,1,1
女,26~30,均匀的,医师,-2,-1,-1,-1,-2,-2,-1,2,-2,2,-1,1
女,26~30,偏胖的,医学,1,-3,1,2,2,-1,1,1,1,1,1,1
女,26~30,均匀的,服装,-1,-1,1,1,1,-1,1,-1,-2,-1,-1,1
女,26~30,均匀的,服装设计,-1,-2,1,-2,1,-1,-1,-1,-1,-3,-3,1
女,26~30,均匀的,纺织研究助理,-1,2,1,-2,-1,-1,-2,-2,-3,-2,-2,1
女,31~40,偏瘦的,(空),-3,3,-3,-2,-1,1,-3,1,-3,1,-3,1
女,31~40,均匀的,(空),-1,-2,-1,1,2,1,1,-1,1,-2,-1,1
女,31~40,均匀的,教师,-2,-1,-2,-1,1,1,-1,-1,-2,-1,-1,1
女,31~40,偏胖的,教育,-2,-2,2,-3,-2,-3,-1,1,2,-1,-1,1
男,18~25,均匀的,master of school of architecture,-2,-2,-1,-2,-1,-2,-1,1,2,-2,-1,1
男,18~25,偏瘦的,广告,-1,1,-2,-2,1,1,-2,-2,2,-3,-3,1
男,18~25,均匀的,学生,-1,-1,-1,1,-1,-1,2,1,1,-1,-2,1
男,18~25,均匀的,学生,1,-1,1,1,1,1,1,1,-1,1,1,1
男,18~25,均匀的,学生,1,-1,-1,-2,1,-1,1,3,-2,3,3,1
男,18~25,均匀的,学生,-2,-2,-2,-2,-2,-3,1,1,-3,-1,-1,1
男,18岁以下,偏瘦的,本科在校学生,2,-1,2,2,1,1,2,3,2,2,3,1
男,26~30,偏胖的,学生,-1,-1,1,1,2,2,1,-1,-1,2,2,1
男,26~30,均匀的,颜色科学,-2,2,-2,-2,-3,-3,-1,-2,-2,-2,-2,1
男,26~30,偏胖的,(空),-1,2,-1,2,1,-1,-1,1,-1,1,1,1
男,26~30,偏瘦的,design master,-2,-1,2,1,-1,-2,2,1,-2,2,2,1
男,31~40,偏胖的,工业设计,-3,1,1,-2,-3,-2,-1,-1,1,-2,-2,1
男,31~40,偏胖的,教,-1,-1,1,-2,-1,-2,-1,2,-1,-1,1,1
男,31~40,偏胖的,(空),1,-3,1,-1,-1,1,-1,-2,1,2,-2,1
男,31~40,偏胖的,design phd,-1,-2,2,3,1,-2,1,-1,2,1,1,1
男,31~40,偏胖的,(空),-1,1,2,1,1,2,1,1,1,3,-2,1
男,41~50,均匀的,教师,1,-1,2,1,2,3,2,1,2,2,2,1
女,18~25,偏胖的,行N企,-2,-3,-1,-3,1,1,-3,2,-1,-1,2,2
女,18~25,偏胖的,O,-1,3,-1,-3,-3,-3,-3,-3,-3,-3,-3,2
女,18~25,偏瘦的,学生,1,-3,-1,2,2,-1,1,3,-3,3,3,2
女,18~25,均匀的,财务会计,1,-2,-2,3,-1,-2,1,-1,-1,-1,-1,2
女,18~25,均匀的,学生,1,1,-1,-1,1,-1,-2,3,-1,-1,-2,2
女,26~30,均匀的,O,-2,-3,-2,-1,1,1,-1,1,-2,-3,-2,2
女,26~30,偏胖的,服装,1,-3,2,2,1,-1,-1,1,-1,2,-2,2
女,26~30,均匀的,教师,-1,-2,-1,1,-2,-2,-1,1,-2,2,1,2
女,26~30,均匀的,医师,-2,-1,-1,-1,-1,-2,-1,2,-1,2,1,2
女,26~30,偏胖的,医学,2,-2,2,2,2,1,2,2,1,2,2,2
女,26~30,均匀的,服装,1,-1,1,-1,1,1,-1,1,1,-1,-1,2
女,26~30,均匀的,服装设计,-2,-2,-1,2,-1,-2,1,-1,-1,1,-2,2
女,26~30,均匀的,纺织研究助理,-2,1,-3,-2,-1,-1,-2,-2,-3,-1,-3,2
女,31~40,偏瘦的,(空),-3,1,-3,-3,-1,-3,-3,3,-3,-3,-3,2
女,31~40,均匀的,(空),-1,-3,-1,-1,1,-1,1,-1,-3,-2,-3,2
女,31~40,均匀的,教师,1,-1,2,-1,-1,-2,-1,-1,-2,1,-2,2
女,31~40,偏胖的,教育,-2,3,2,-1,-2,-2,1,3,-1,1,-2,2
男,18~25,均匀的,master of school of architecture,-2,-2,-1,-1,-3,3,1,2,-1,-3,-2,2
男,18~25,偏瘦的,广告,-1,-1,-2,-3,1,1,-1,-1,-1,-3,-3,2
男,18~25,均匀的,学生,-1,-2,-1,2,-1,-1,-1,1,1,-1,-2,2
男,18~25,均匀的,学生,1,-3,1,-1,1,1,1,-1,-1,1,1,2
男,18~25,均匀的,学生,-1,1,-1,-2,2,-1,-1,3,-2,3,3,2
男,18~25,均匀的,学生,-1,-2,-1,1,-1,-2,1,1,-2,-2,-1,2
男,18岁以下,偏瘦的,本科在校学生,1,-1,1,-1,-1,-1,-1,3,2,2,3,2
男,26~30,偏胖的,学生,-1,1,1,-2,-2,-1,1,1,-1,2,1,2
男,26~30,均匀的,颜色科学,-2,2,-2,-3,-3,-3,-2,-2,-2,-2,-2,2
男,26~30,偏胖的,(空),-1,-1,-1,1,-1,-1,-1,1,-1,1,-1,2
男,26~30,偏瘦的,design master,-2,-2,1,-2,-2,-2,2,1,-1,-2,-2,2
男,31~40,偏胖的,工业设计,1,-2,-1,-1,1,1,-1,1,2,-3,-3,2
男,31~40,偏胖的,教,-1,-1,-1,-1,-1,1,-1,1,-1,-1,-2,2
男,31~40,偏胖的,(空),-2,-1,-2,-2,-2,-2,2,-2,-2,2,-2,2
男,31~40,偏胖的,design phd,-1,1,-1,3,-1,-1,-1,1,2,-2,-2,2
男,31~40,偏胖的,(空),2,-2,-2,2,1,2,2,2,-2,1,1,2
男,41~50,均匀的,教师,-3,-1,-2,1,-2,-2,-2,-1,1,-1,-3,2
女,18~25,偏胖的,行N企,-3,-3,-3,-3,-3,-2,-3,-2,1,-3,1,3
女,18~25,偏胖的,O,-1,2,1,-1,-1,-1,-1,1,-1,-1,1,3
女,18~25,偏瘦的,学生,1,-3,-1,2,2,-2,2,1,-2,2,2,3
女,18~25,均匀的,财务会计,-1,-2,-1,3,-1,-1,1,-2,-1,-1,-1,3
女,18~25,均匀的,学生,-1,-2,-1,3,2,1,-1,-3,1,-1,-3,3
女,26~30,均匀的,O,-2,-3,-2,1,2,1,1,1,-1,-2,-1,3
女,26~30,偏胖的,服装,3,-3,1,2,1,2,2,-1,-1,-1,-2,3
女,26~30,均匀的,教师,1,-1,-1,1,-2,-2,1,-1,-1,2,-1,3
女,26~30,均匀的,医师,1,-2,-1,1,-1,-2,2,-1,2,3,2,3
女,26~30,偏胖的,医学,3,-2,3,2,2,2,3,2,3,3,3,3
女,26~30,均匀的,服装,-2,-2,-1,-1,1,-1,-1,1,-1,-1,1,3
女,26~30,均匀的,服装设计,-2,-2,-2,3,-1,-2,1,2,-2,1,-2,3
女,26~30,均匀的,纺织研究助理,-1,-1,-2,1,1,-1,-1,1,1,-2,-1,3
女,31~40,偏瘦的,(空),-3,1,-3,-1,-2,-3,-3,3,-3,3,-3,3
女,31~40,均匀的,(空),-2,-3,-1,1,-2,-3,2,2,-2,2,-1,3
女,31~40,均匀的,教师,-1,-2,-1,2,-1,1,1,-1,-2,-1,-1,3
女,31~40,偏胖的,教育,-3,3,-1,-1,-2,2,2,2,-1,-2,-1,3
男,18~25,均匀的,master of school of architecture,-1,1,-1,-2,2,3,-1,2,-1,-2,-2,3
男,18~25,偏瘦的,广告,-1,-1,-1,-2,1,-2,-2,-1,1,-3,-2,3
男,18~25,均匀的,学生,-1,1,-1,1,1,-1,1,-1,-1,-1,-1,3
男,18~25,均匀的,学生,1,-2,1,1,1,-1,1,1,-1,1,-1,3
男,18~25,均匀的,学生,1,-1,-1,-1,1,-1,-1,2,-1,3,3,3
男,18~25,均匀的,学生,1,-3,-2,2,-1,-2,1,-1,-1,1,1,3
男,18岁以下,偏瘦的,本科在校学生,1,-2,1,1,-1,-1,1,2,2,3,2,3
男,26~30,偏胖的,学生,-2,1,-1,1,-1,1,-1,2,-1,2,2,3
男,26~30,均匀的,颜色科学,-2,2,-1,-2,-2,-2,-1,-2,2,-2,-2,3
男,26~30,偏胖的,(空),-1,-2,-1,1,-1,-1,-1,1,-1,1,-1,3
男,26~30,偏瘦的,design master,-2,-1,1,-1,-2,-3,2,1,-2,-1,-2,3
男,31~40,偏胖的,工业设计,1,-3,1,-1,1,1,1,1,1,-2,-1,3
男,31~40,偏胖的,教,-1,-2,-1,-1,-2,-1,-1,-2,-1,-1,-1,3
男,31~40,偏胖的,(空),-2,-1,-2,-2,-2,-2,2,-2,-2,2,-2,3
男,31~40,偏胖的,design phd,-1,-2,-1,3,-1,2,1,2,2,-2,-2,3
男,31~40,偏胖的,(空),-2,-3,2,1,-1,2,2,2,2,-1,-1,3
男,41~50,均匀的,教师,-2,-2,-2,1,-1,-2,-2,-1,-1,-3,-3,3
女,18~25,偏胖的,行N企,-3,2,-3,-2,-2,-1,-3,3,1,-2,2,4
女,18~25,偏胖的,O,-1,2,-1,1,1,1,1,2,1,2,1,4
女,18~25,偏瘦的,学生,1,1,-1,3,2,-1,1,3,-3,3,3,4
女,18~25,均匀的,财务会计,-2,1,-2,3,-2,-2,1,-1,-1,-1,-2,4
女,18~25,均匀的,学生,-2,1,-2,-1,3,3,3,3,-1,3,3,4
女,26~30,均匀的,O,-1,3,-2,-1,1,-1,-1,1,-2,-3,-2,4
女,26~30,偏胖的,服装,-1,-3,-2,2,1,-1,-2,1,-1,2,-2,4
女,26~30,均匀的,教师,-3,1,-1,-2,-2,-2,-3,1,-3,1,-1,4
女,26~30,均匀的,医师,-2,-2,-2,-1,-2,-2,-2,2,-2,2,-1,4
女,26~30,偏胖的,医学,-1,-2,1,2,-1,-1,-1,2,-1,2,1,4
女,26~30,均匀的,服装,-2,-1,1,-1,-2,-1,-1,2,-3,2,1,4
女,26~30,均匀的,服装设计,-2,-2,-1,3,-2,-2,1,2,-3,1,-1,4
女,26~30,均匀的,纺织研究助理,-1,1,1,1,-2,-1,-1,-1,-2,-3,-2,4
女,31~40,偏瘦的,(空),-3,2,-2,1,-2,-3,-2,3,-3,-3,-3,4
女,31~40,均匀的,(空),-2,-2,-3,1,2,1,-1,-3,-2,-3,-3,4
女,31~40,均匀的,教师,-1,1,1,-1,-2,1,-1,-1,-1,-1,1,4
女,31~40,偏胖的,教育,-1,3,-1,2,2,-1,2,3,-1,3,2,4
男,18~25,均匀的,master of school of architecture,-1,1,-1,2,2,-1,1,2,-2,1,-2,4
男,18~25,偏瘦的,广告,1,-1,1,1,-2,-2,2,-1,-1,-1,-1,4
男,18~25,均匀的,学生,1,1,1,1,-1,-1,1,1,1,-1,1,4
男,18~25,均匀的,学生,-1,-2,-1,1,1,-1,-1,1,-1,2,1,4
男,18~25,均匀的,学生,-1,1,-1,-3,1,-1,-1,3,-2,3,3,4
男,18~25,均匀的,学生,-3,1,-2,-2,-1,-3,1,1,-2,-1,1,4
男,18岁以下,偏瘦的,本科在校学生,1,-1,1,1,-1,-1,1,2,2,2,3,4
男,26~30,偏胖的,学生,-2,-1,-2,2,-3,-3,2,-1,-2,2,1,4
男,26~30,均匀的,颜色科学,3,3,-3,3,3,3,3,3,-3,3,3,4
男,26~30,偏胖的,(空),-1,2,-1,1,-1,-1,-1,1,-1,2,1,4
男,26~30,偏瘦的,design master,-2,-1,-2,1,-1,-1,2,1,-2,-1,2,4
男,31~40,偏胖的,工业设计,1,-1,-2,1,1,1,1,1,1,1,-1,4
男,31~40,偏胖的,教,-1,-2,-1,1,-1,1,-1,-1,-1,-1,-1,4
男,31~40,偏胖的,(空),-1,-1,-2,-1,-1,-1,2,-1,-1,1,1,4
男,31~40,偏胖的,design phd,-1,2,1,3,3,2,1,1,-2,1,2,4
男,31~40,偏胖的,(空),-2,2,-1,2,1,3,2,-2,1,-1,-1,4
男,41~50,均匀的,教师,-2,1,-1,1,1,1,-1,-1,-1,-3,-3,4
女,18~25,偏胖的,行N企,-2,3,-1,-1,2,3,-3,-2,3,-1,-2,5
女,18~25,偏胖的,O,-2,3,-2,-3,1,1,-2,-3,3,-3,-3,5
女,18~25,偏瘦的,学生,-1,3,-1,2,2,-1,1,3,-3,3,3,5
女,18~25,均匀的,财务会计,-1,1,-1,3,-1,-1,1,1,-1,-1,-2,5
女,18~25,均匀的,学生,-1,3,-1,3,1,-2,1,1,-1,1,3,5
女,26~30,均匀的,O,-1,3,1,-1,1,1,-2,1,-1,-3,-2,5
女,26~30,偏胖的,服装,2,2,-1,-1,2,1,1,1,-1,1,-2,5
女,26~30,均匀的,教师,-1,3,-1,1,-1,-1,-1,1,-1,1,2,5
女,26~30,均匀的,医师,-2,2,-1,1,-2,-2,-1,2,-1,2,1,5
女,26~30,偏胖的,医学,2,2,1,2,1,1,-1,-1,-1,1,1,5
女,26~30,均匀的,服装,-1,2,-1,-1,1,1,-2,1,-1,-2,-1,5
女,26~30,均匀的,服装设计,-2,3,-2,2,2,2,-2,1,-3,-1,-1,5
女,26~30,均匀的,纺织研究助理,-1,3,1,-2,-1,1,-2,-2,-1,-3,-3,5
女,31~40,偏瘦的,(空),1,3,1,1,1,1,1,-2,1,-2,1,5
女,31~40,均匀的,(空),-2,-2,-1,-2,2,3,-1,-1,-1,-3,-3,5
女,31~40,均匀的,教师,-1,2,-1,-1,1,-1,-1,1,-1,-1,1,5
女,31~40,偏胖的,教育,-2,-1,1,-2,-3,-2,-1,1,1,-3,-2,5
男,18~25,均匀的,master of school of architecture,-1,2,-1,-1,3,3,-1,-2,-2,-3,-1,5
男,18~25,偏瘦的,广告,-1,-1,1,-3,1,1,-1,1,3,-3,-1,5
男,18~25,均匀的,学生,1,2,1,2,-1,1,1,1,1,1,1,5
男,18~25,均匀的,学生,-1,3,1,1,1,1,-1,-1,-1,1,1,5
男,18~25,均匀的,学生,-2,1,-2,-2,-2,-2,-1,2,-2,2,3,5
男,18~25,均匀的,学生,-2,3,-1,-2,-1,-1,-2,-1,-2,-2,-1,5
男,18岁以下,偏瘦的,本科在校学生,1,-1,1,1,1,-1,1,1,1,2,1,5
男,26~30,偏胖的,学生,2,2,1,1,3,1,-1,2,3,-2,-1,5
男,26~30,均匀的,颜色科学,3,3,-3,3,3,3,3,3,3,3,2,5
男,26~30,偏胖的,(空),-1,2,-1,1,-1,-1,-1,1,-1,1,1,5
男,26~30,偏瘦的,design master,-2,2,1,-2,1,2,-1,1,2,-2,-2,5
男,31~40,偏胖的,工业设计,2,2,2,-1,3,3,2,1,2,-3,-2,5
男,31~40,偏胖的,教,-2,-2,-1,-1,-1,-2,-1,-1,-2,-2,-1,5
男,31~40,偏胖的,(空),1,3,1,2,2,1,-1,1,1,-1,1,5
男,31~40,偏胖的,design phd,1,3,1,3,2,2,2,2,2,1,-3,5
男,31~40,偏胖的,(空),-1,3,-1,-1,-2,2,-1,-2,-1,-1,-1,5
男,41~50,均匀的,教师,-1,2,-1,1,-1,1,1,-1,1,-3,-3,5
女,18~25,偏胖的,行N企,-3,2,2,-2,-2,1,-2,-2,3,-3,-3,6
女,18~25,偏胖的,O,-1,2,2,1,2,2,1,-1,3,-1,1,6
女,18~25,偏瘦的,学生,-1,1,-2,1,1,-1,-1,1,2,2,1,6
女,18~25,均匀的,财务会计,-1,-1,-1,3,-1,-1,-1,2,1,1,1,6
女,18~25,均匀的,学生,1,1,2,-1,-2,-1,-1,1,-1,-1,-2,6
女,26~30,均匀的,O,1,1,2,1,2,1,1,2,2,2,2,6
女,26~30,偏胖的,服装,1,-2,-1,-1,-2,-2,-1,2,1,2,-1,6
女,26~30,均匀的,教师,-1,-1,1,-1,-1,-1,-1,1,-1,-1,-2,6
女,26~30,均匀的,医师,-1,1,-1,-1,-1,-1,1,1,-2,-2,-1,6
女,26~30,偏胖的,医学,2,-2,-1,1,2,2,2,-2,1,-1,-1,6
女,26~30,均匀的,服装,-1,2,1,1,1,1,1,1,-1,1,1,6
女,26~30,均匀的,服装设计,-2,2,-1,-1,1,1,-1,-1,-3,-3,-3,6
女,26~30,均匀的,纺织研究助理,-2,3,1,-1,1,2,1,-1,-3,-2,-1,6
女,31~40,偏瘦的,(空),-1,2,2,1,1,1,1,-2,2,-2,-1,6
女,31~40,均匀的,(空),1,-2,2,-1,-1,1,1,-1,2,2,1,6
女,31~40,均匀的,教师,-1,1,1,-1,1,-1,-2,1,-1,-1,2,6
女,31~40,偏胖的,教育,-3,3,2,-1,-3,-3,-2,2,2,-1,-1,6
男,18~25,均匀的,master of school of architecture,-2,2,1,-1,-3,-1,1,-1,-2,-2,-1,6
男,18~25,偏瘦的,广告,1,-1,1,-1,-1,-1,1,-2,3,1,1,6
男,18~25,均匀的,学生,1,1,2,1,1,1,1,2,1,1,1,6
男,18~25,均匀的,学生,-1,3,-1,-1,-1,-1,1,-1,-1,1,-1,6
男,18~25,均匀的,学生,-2,1,-1,-1,-1,-1,-1,2,-1,2,2,6
男,18~25,均匀的,学生,-2,2,-1,-1,-2,-3,2,-1,-3,-2,-1,6
男,18岁以下,偏瘦的,本科在校学生,1,2,1,-2,-1,-1,1,1,1,-1,-1,6
男,26~30,偏胖的,学生,2,2,3,1,3,1,1,-2,1,1,2,6
男,26~30,均匀的,颜色科学,2,3,3,-1,-2,-2,-2,1,1,1,1,6
男,26~30,偏胖的,(空),1,3,1,1,1,-1,1,1,-1,-2,-1,6
男,26~30,偏瘦的,design master,-2,2,2,1,-2,-2,2,-1,-2,2,2,6
男,31~40,偏胖的,工业设计,-1,2,1,-1,-1,-1,1,1,2,1,1,6
男,31~40,偏胖的,教,-2,-2,-1,-1,-1,1,-1,1,-1,-1,-2,6
男,31~40,偏胖的,(空),1,2,2,1,1,1,-1,1,1,-1,-1,6
男,31~40,偏胖的,design phd,-1,2,1,2,2,2,-1,1,1,-2,-1,6
男,31~40,偏胖的,(空),2,1,2,1,2,3,-1,1,2,2,-1,6
男,41~50,均匀的,教师,1,2,2,1,-2,-1,1,1,2,-2,-2,6
女,18~25,偏胖的,行N企,-2,3,1,1,-1,2,-3,-2,3,-2,-3,7
女,18~25,偏胖的,O,1,3,1,-1,2,2,-2,-2,3,-2,1,7
女,18~25,偏瘦的,学生,2,3,-1,1,1,1,1,1,-1,1,-1,7
女,18~25,均匀的,财务会计,-1,1,-1,3,1,2,1,1,1,1,-1,7
女,18~25,均匀的,学生,2,3,2,3,-1,2,1,2,1,1,-1,7
女,26~30,均匀的,O,2,2,3,1,2,2,1,1,3,-3,1,7
女,26~30,偏胖的,服装,-2,3,-2,2,1,-1,-2,1,1,1,2,7
女,26~30,均匀的,教师,1,3,-1,1,2,2,1,1,-1,-2,-1,7
女,26~30,均匀的,医师,-1,3,1,-1,1,1,1,-1,-2,-3,-2,7
女,26~30,偏胖的,医学,3,2,3,3,3,3,3,3,3,3,3,7
女,26~30,均匀的,服装,1,2,1,-1,-1,1,1,1,1,-1,1,7
女,26~30,均匀的,服装设计,2,3,1,1,1,2,1,1,3,-3,-3,7
女,26~30,均匀的,纺织研究助理,1,2,2,2,1,3,1,-1,3,-2,1,7
女,31~40,偏瘦的,(空),-1,2,2,2,2,3,1,-3,3,-3,-3,7
女,31~40,均匀的,(空),1,2,2,1,2,3,2,-2,3,-3,1,7
女,31~40,均匀的,教师,-1,2,1,-1,1,-1,1,1,-1,1,1,7
女,31~40,偏胖的,教育,-2,3,2,1,2,3,-2,1,2,1,1,7
男,18~25,均匀的,master of school of architecture,2,3,1,2,2,-1,1,2,1,-1,1,7
男,18~25,偏瘦的,广告,1,1,1,1,1,1,1,-1,3,-2,-2,7
男,18~25,均匀的,学生,1,-1,2,1,-1,-1,-1,1,1,1,1,7
男,18~25,均匀的,学生,2,3,2,1,2,1,2,1,-1,1,1,7
男,18~25,均匀的,学生,-1,3,-1,-1,-1,-1,-1,-1,-1,1,-1,7
男,18~25,均匀的,学生,-2,3,-1,-2,-1,-2,-1,1,-2,-1,-1,7
男,18岁以下,偏瘦的,本科在校学生,1,-1,1,1,1,1,1,1,-1,-1,-2,7
男,26~30,偏胖的,学生,2,2,2,2,2,2,-1,1,3,-1,-1,7
男,26~30,均匀的,颜色科学,3,3,3,3,3,3,3,3,3,2,3,7
男,26~30,偏胖的,(空),2,3,-1,2,2,1,2,1,-1,-1,-1,7
男,26~30,偏瘦的,design master,-2,3,2,-2,-1,2,-2,-1,2,-1,-2,7
男,31~40,偏胖的,工业设计,3,3,2,1,3,3,3,1,3,-1,-1,7
男,31~40,偏胖的,教,-1,3,-1,1,-1,-2,-1,2,-1,-1,-1,7
男,31~40,偏胖的,(空),2,3,2,2,2,2,-2,2,2,-1,1,7
男,31~40,偏胖的,design phd,-1,3,2,3,2,3,1,-2,2,-2,-2,7
男,31~40,偏胖的,(空),-1,-1,1,2,1,1,-1,-2,-2,-2,1,7
男,41~50,均匀的,教师,1,3,2,1,1,1,-1,1,3,-2,-3,7
女,18~25,偏胖的,行N企,2,3,2,-2,-2,-3,1,-3,3,-3,-3,8
女,18~25,偏胖的,O,1,1,2,-3,1,1,-3,-3,3,-3,-3,8
女,18~25,偏瘦的,学生,1,3,-1,1,1,-1,1,-1,-1,1,-2,8
女,18~25,均匀的,财务会计,2,1,-1,3,-1,-1,2,1,1,1,3,8
女,18~25,均匀的,学生,3,-1,-1,3,3,3,1,3,-1,3,3,8
女,26~30,均匀的,O,1,2,1,1,2,1,1,-1,2,-3,-1,8
女,26~30,偏胖的,服装,-2,3,-2,2,2,1,-1,1,2,-1,2,8
女,26~30,均匀的,教师,2,2,-2,2,-3,-3,3,-1,-1,3,1,8
女,26~30,均匀的,医师,2,1,-2,1,-1,-2,2,-2,2,2,3,8
女,26~30,偏胖的,医学,-2,3,-2,-2,2,-2,-2,-2,2,-2,-2,8
女,26~30,均匀的,服装,1,2,1,-1,1,1,1,-2,2,-2,-2,8
女,26~30,均匀的,服装设计,3,-1,3,3,2,3,3,1,2,-3,-3,8
女,26~30,均匀的,纺织研究助理,2,2,3,3,1,2,3,1,1,-2,2,8
女,31~40,偏瘦的,(空),-1,1,3,1,2,3,2,-3,2,-3,-3,8
女,31~40,均匀的,(空),1,2,3,1,2,2,2,-1,3,-1,1,8
女,31~40,均匀的,教师,-2,2,-1,1,-1,-1,2,1,-1,1,1,8
女,31~40,偏胖的,教育,-1,-2,2,1,-1,2,-1,-1,2,-1,-1,8
男,18~25,均匀的,master of school of architecture,1,3,2,2,3,2,1,-1,-2,3,1,8
男,18~25,偏瘦的,广告,2,1,1,-1,-2,-2,1,-2,3,-3,-3,8
男,18~25,均匀的,学生,2,1,2,2,1,2,2,1,1,1,1,8
男,18~25,均匀的,学生,1,3,-1,-1,1,1,1,1,-1,1,-1,8
男,18~25,均匀的,学生,-1,3,-1,-1,-1,-1,-1,3,-1,3,3,8
男,18~25,均匀的,学生,2,3,1,3,-1,-2,3,1,-1,-1,2,8
男,18岁以下,偏瘦的,本科在校学生,1,-1,1,3,-2,-2,2,3,2,2,3,8
男,26~30,偏胖的,学生,2,2,3,2,-2,-2,3,-1,3,3,3,8
男,26~30,均匀的,颜色科学,2,3,2,2,2,2,2,2,2,1,2,8
男,26~30,偏胖的,(空),1,3,1,2,-1,-1,1,-1,-1,2,-2,8
男,26~30,偏瘦的,design master,2,3,3,2,3,2,1,-1,2,2,2,8
男,31~40,偏胖的,工业设计,1,3,3,-1,1,1,3,1,1,1,1,8
男,31~40,偏胖的,教,2,3,2,2,2,2,2,2,1,2,2,8
男,31~40,偏胖的,(空),2,-3,2,1,2,2,-1,2,2,-1,2,8
男,31~40,偏胖的,design phd,1,1,1,3,3,2,1,1,2,-1,-2,8
男,31~40,偏胖的,(空),2,1,2,2,1,2,-2,1,2,1,1,8
男,41~50,均匀的,教师,1,3,1,1,-1,-1,-2,1,3,-3,-3,8
女,18~25,偏胖的,行N企,-2,3,1,-3,-2,-3,-2,-2,1,-3,-3,9
女,18~25,偏胖的,O,-3,-1,-3,-3,-3,-3,-3,-3,-3,-3,-3,9
女,18~25,偏瘦的,学生,2,-1,1,1,2,1,2,-1,2,-1,1,9
女,18~25,均匀的,财务会计,2,-1,1,3,2,1,2,1,3,1,3,9
女,18~25,均匀的,学生,2,1,2,2,1,-1,1,-1,3,1,3,9
女,26~30,均匀的,O,-2,-2,-2,-1,2,1,1,1,-2,-1,-2,9
女,26~30,偏胖的,服装,-1,-1,1,1,-1,-1,1,-1,-1,1,2,9
女,26~30,均匀的,教师,2,-2,2,3,3,2,3,-1,3,-1,3,9
女,26~30,均匀的,医师,2,-2,2,2,2,2,2,-2,3,1,3,9
女,26~30,偏胖的,医学,3,-3,2,2,3,2,2,-1,3,2,3,9
女,26~30,均匀的,服装,1,-2,1,-3,-3,-3,-1,-1,-2,-1,-1,9
女,26~30,均匀的,服装设计,-2,-2,-3,-2,2,-2,-1,2,-3,-3,-3,9
女,26~30,均匀的,纺织研究助理,-2,1,1,-2,-1,1,-1,-1,-3,1,-3,9
女,31~40,偏瘦的,(空),-3,1,-3,-3,-2,-2,-3,3,-3,-3,-3,9
女,31~40,均匀的,(空),1,-2,1,-2,-1,-2,1,1,-1,-1,-3,9
女,31~40,均匀的,教师,1,1,1,1,2,2,1,1,1,-2,2,9
女,31~40,偏胖的,教育,-3,-2,2,-3,-2,-2,-1,-1,-3,-3,-3,9
男,18~25,均匀的,master of school of architecture,-2,-2,-1,-2,-1,-1,-1,1,-2,-3,-3,9
男,18~25,偏瘦的,广告,-1,1,-1,-1,1,-1,1,2,2,2,-1,9
男,18~25,均匀的,学生,-1,2,-1,2,-1,-1,-1,1,1,-1,1,9
男,18~25,均匀的,学生,1,-2,1,1,2,1,1,1,1,1,1,9
男,18~25,均匀的,学生,2,1,2,1,1,1,1,-1,2,-1,1,9
男,18~25,均匀的,学生,2,-2,1,2,-1,-1,2,-2,1,1,1,9
男,18岁以下,偏瘦的,本科在校学生,2,-1,3,1,1,2,2,2,2,-1,3,9
男,26~30,偏胖的,学生,-1,-1,1,-2,-2,-1,1,-1,-1,1,-1,9
男,26~30,均匀的,颜色科学,-2,3,-1,-2,-3,-3,-1,-2,-2,-2,-2,9
男,26~30,偏胖的,(空),2,-1,2,2,2,1,2,1,2,1,-3,9
男,26~30,偏瘦的,design master,-2,-1,2,-1,-3,-3,3,1,-2,1,1,9
男,31~40,偏胖的,工业设计,-3,1,-2,-3,-3,-3,-2,-1,-1,-3,-3,9
男,31~40,偏胖的,教,-2,-2,-1,-2,-2,-2,-2,2,-1,-2,-2,9
男,31~40,偏胖的,(空),-1,-3,1,-1,1,1,2,-1,-1,1,-2,9
男,31~40,偏胖的,design phd,-1,-2,1,1,-1,-1,1,-1,-1,-1,-3,9
男,31~40,偏胖的,(空),1,-1,1,1,2,2,2,-2,-1,1,-1,9
男,41~50,均匀的,教师,-3,2,-2,1,-2,-3,-2,-1,-2,-3,-3,9
女,18~25,偏胖的,行N企,-2,3,1,-2,-3,-2,-1,-2,-1,-3,-3,10
女,18~25,偏胖的,O,-3,2,-3,-3,-3,-3,-3,-3,-3,-3,-3,10
女,18~25,偏瘦的,学生,1,3,1,-1,-2,2,2,-2,2,-2,-2,10
女,18~25,均匀的,财务会计,3,1,3,3,2,2,3,1,2,1,2,10
女,18~25,均匀的,学生,-1,3,-1,1,-1,1,-1,-3,3,-3,-3,10
女,26~30,均匀的,O,1,2,1,1,2,1,1,1,-1,-3,-3,10
女,26~30,偏胖的,服装,-2,2,1,2,1,1,-1,1,1,-1,-1,10
女,26~30,均匀的,教师,1,1,2,2,2,1,-1,-1,2,-2,-2,10
女,26~30,均匀的,医师,1,1,1,1,1,1,1,-1,2,-2,-2,10
女,26~30,偏胖的,医学,2,-1,2,-2,2,2,-2,-2,3,-2,-2,10
女,26~30,均匀的,服装,3,-1,3,-1,1,1,1,1,-1,-3,-2,10
女,26~30,均匀的,服装设计,-1,-2,2,-3,-2,-2,1,-1,-3,-3,-3,10
女,26~30,均匀的,纺织研究助理,-1,1,-1,1,-1,1,-2,-2,-2,-3,-3,10
女,31~40,偏瘦的,(空),-2,3,-2,1,1,1,-1,-1,-3,-3,-3,10
女,31~40,均匀的,(空),-1,1,-1,1,-1,-1,-1,-2,-3,-3,-3,10
女,31~40,均匀的,教师,-1,2,1,-1,-2,1,-1,1,-2,1,1,10
女,31~40,偏胖的,教育,-2,2,1,-2,-2,1,1,-2,-2,-2,-3,10
男,18~25,均匀的,master of school of architecture,-1,1,-1,1,-2,-1,1,-1,-2,1,-2,10
男,18~25,偏瘦的,广告,-2,-1,-2,-2,-2,-3,-2,-2,-1,-3,-3,10
男,18~25,均匀的,学生,-1,-1,-1,2,-1,-1,-1,-1,-1,-1,-1,10
男,18~25,均匀的,学生,1,-3,1,1,1,2,-1,1,1,1,-1,10
男,18~25,均匀的,学生,2,1,2,2,2,2,2,-1,3,-1,-3,10
男,18~25,均匀的,学生,1,1,1,1,2,1,1,-1,2,-1,-1,10
男,18岁以下,偏瘦的,本科在校学生,2,1,2,1,2,2,2,-1,1,-1,-1,10
男,26~30,偏胖的,学生,-1,2,-1,1,2,-2,-1,1,-1,-1,-1,10
男,26~30,均匀的,颜色科学,2,3,-2,2,2,2,2,1,1,1,1,10
男,26~30,偏胖的,(空),2,3,2,2,2,2,2,1,1,-1,-2,10
男,26~30,偏瘦的,design master,-2,1,1,-2,1,-1,2,1,-2,-1,1,10
男,31~40,偏胖的,工业设计,1,-1,-1,-1,3,2,-1,1,1,-3,-3,10
男,31~40,偏胖的,教,2,-2,-2,2,2,2,1,-1,2,1,1,10
男,31~40,偏胖的,(空),-1,3,-1,1,1,1,1,1,2,-1,1,10
男,31~40,偏胖的,design phd,1,1,1,3,-2,-1,1,1,1,-1,-1,10
男,31~40,偏胖的,(空),3,-3,2,2,-2,2,1,2,1,-2,1,10
男,41~50,均匀的,教师,-3,2,-2,-1,1,1,-1,-2,-1,-3,-3,10
女,18~25,偏胖的,行N企,-3,2,-2,-3,-2,-1,-2,-2,-3,-3,-2,11
女,18~25,偏胖的,O,-3,-1,-2,-3,-2,-3,-3,-3,-3,-3,-3,11
女,18~25,偏瘦的,学生,1,1,2,1,-1,2,2,-2,-2,-2,1,11
女,18~25,均匀的,财务会计,2,-1,1,3,1,1,2,1,1,1,3,11
女,18~25,均匀的,学生,1,2,2,1,1,-1,2,2,-1,1,1,11
女,26~30,均匀的,O,1,2,-1,1,3,1,1,1,1,1,2,11
女,26~30,偏胖的,服装,1,-2,1,1,2,-1,2,2,1,-1,1,11
女,26~30,均匀的,教师,2,1,2,3,2,2,3,-1,-1,1,2,11
女,26~30,均匀的,医师,2,1,-1,2,1,-1,1,-1,2,1,2,11
女,26~30,偏胖的,医学,1,-1,2,2,1,2,2,1,-1,1,1,11
女,26~30,均匀的,服装,1,-1,-1,-1,1,-1,1,1,1,-1,-1,11
女,26~30,均匀的,服装设计,-2,-2,-1,3,2,2,3,-1,-3,-3,-1,11
女,26~30,均匀的,纺织研究助理,-2,-1,-1,1,-1,1,-2,-1,-3,-2,-2,11
女,31~40,偏瘦的,(空),-2,3,-2,2,1,-1,-2,1,-3,-3,-2,11
女,31~40,均匀的,(空),3,2,-1,1,-1,-2,1,1,1,-2,2,11
女,31~40,均匀的,教师,-1,2,1,1,-2,1,-2,-1,1,2,-1,11
女,31~40,偏胖的,教育,-1,-2,1,1,2,2,2,2,-1,2,-1,11
男,18~25,均匀的,master of school of architecture,-1,2,-1,-1,2,-1,1,1,-2,-1,-2,11
男,18~25,偏瘦的,广告,1,-1,1,1,2,-1,1,2,3,-3,-1,11
男,18~25,均匀的,学生,1,-1,-1,2,1,1,1,-1,-1,-1,-1,11
男,18~25,均匀的,学生,2,-3,2,2,2,1,1,1,-1,1,1,11
男,18~25,均匀的,学生,2,2,-1,2,2,1,1,2,-1,1,2,11
男,18~25,均匀的,学生,2,1,1,2,1,1,1,1,1,-1,1,11
男,18岁以下,偏瘦的,本科在校学生,2,-1,2,2,2,2,2,2,2,1,2,11
男,26~30,偏胖的,学生,-1,2,2,1,1,-1,1,1,-1,2,1,11
男,26~30,均匀的,颜色科学,1,2,-2,2,2,2,2,1,2,1,2,11
男,26~30,偏胖的,(空),1,3,-1,2,2,1,1,1,-1,-1,-1,11
男,26~30,偏瘦的,design master,-2,2,2,-1,-2,-1,1,1,2,-2,2,11
男,31~40,偏胖的,工业设计,-2,-1,-1,-2,-2,-3,-1,1,1,-1,-1,11
男,31~40,偏胖的,教,1,3,1,2,1,2,1,1,-1,1,1,11
男,31~40,偏胖的,(空),-1,3,-1,1,1,2,1,-1,2,-2,2,11
男,31~40,偏胖的,design phd,1,-1,1,3,2,1,1,1,2,1,1,11
男,31~40,偏胖的,(空),2,-2,1,1,2,1,2,-2,-2,-2,-2,11
男,41~50,均匀的,教师,-2,2,-2,1,-1,-1,-2,-1,-2,-3,-3,11
女,18~25,偏胖的,行N企,-1,3,-2,1,-2,-1,-1,-2,-2,-2,-3,12
女,18~25,偏胖的,O,-3,2,-3,-3,-1,-1,-3,-3,-3,-3,-3,12
女,18~25,偏瘦的,学生,1,3,2,-2,1,1,1,-3,-3,-3,-3,12
女,18~25,均匀的,财务会计,1,2,1,3,1,1,1,1,1,1,-1,12
女,18~25,均匀的,学生,3,3,3,3,-1,3,3,-1,1,-2,2,12
女,26~30,均匀的,O,1,2,-1,1,2,1,1,-1,-1,-3,-3,12
女,26~30,偏胖的,服装,1,2,-1,2,1,1,-1,1,-1,-2,1,12
女,26~30,均匀的,教师,1,3,-1,1,2,2,1,-1,1,-2,-1,12
女,26~30,均匀的,医师,1,3,1,1,1,1,1,-1,-2,-2,-2,12
女,26~30,偏胖的,医学,2,3,-1,2,2,2,1,-2,1,-2,-1,12
女,26~30,均匀的,服装,1,-1,1,-1,1,-1,-1,-1,-1,1,-2,12
女,26~30,均匀的,服装设计,1,1,-1,3,3,3,1,1,-3,1,-3,12
女,26~30,均匀的,纺织研究助理,-1,2,-1,2,1,3,-2,-2,-3,-2,-1,12
女,31~40,偏瘦的,(空),1,3,-1,1,2,2,-1,-2,-3,-3,-3,12
女,31~40,均匀的,(空),1,2,-3,2,2,3,2,-3,-3,-3,-3,12
女,31~40,均匀的,教师,-1,3,1,1,-2,1,-1,1,-1,-1,2,12
女,31~40,偏胖的,教育,2,3,-2,3,2,3,2,3,1,3,3,12
男,18~25,均匀的,master of school of architecture,1,2,-1,2,2,-1,1,-1,-2,-2,2,12
男,18~25,偏瘦的,广告,1,1,2,-3,-3,-3,2,-3,-3,-3,-3,12
男,18~25,均匀的,学生,1,1,-1,2,1,1,1,1,1,1,1,12
男,18~25,均匀的,学生,1,3,1,1,1,1,1,1,-1,1,1,12
男,18~25,均匀的,学生,-1,2,-1,1,-1,1,1,1,-1,-1,-2,12
男,18~25,均匀的,学生,2,1,1,1,2,2,2,1,-1,2,1,12
男,18岁以下,偏瘦的,本科在校学生,1,-1,2,2,1,1,1,1,-1,-2,-2,12
男,26~30,偏胖的,学生,-1,-2,-1,3,1,1,2,1,-2,1,-2,12
男,26~30,均匀的,颜色科学,3,3,-3,3,3,3,3,3,-3,3,3,12
男,26~30,偏胖的,(空),1,3,-1,1,1,1,1,-1,-1,-2,-2,12
男,26~30,偏瘦的,design master,-2,1,-1,1,-2,-2,-2,1,-2,-1,-2,12
男,31~40,偏胖的,工业设计,2,2,-2,1,2,3,2,1,-1,-3,-3,12
男,31~40,偏胖的,教,1,3,1,2,1,1,1,2,1,1,1,12
男,31~40,偏胖的,(空),-2,-2,-3,3,2,2,-2,1,-1,-2,1,12
男,31~40,偏胖的,design phd,2,3,2,3,3,2,2,2,-2,-2,-1,12
男,31~40,偏胖的,(空),2,3,3,2,2,3,2,2,-2,-2,-3,12
男,41~50,均匀的,教师,-2,3,-2,-1,1,1,-2,-1,1,-3,-3,12
女,18~25,偏胖的,行N企,1,3,-1,-1,1,1,-2,-2,2,-3,-3,13
女,18~25,偏胖的,O,-1,3,-1,-3,1,1,-2,-3,3,-3,-3,13
女,18~25,偏瘦的,学生,1,3,-2,1,1,-1,1,1,2,2,1,13
女,18~25,均匀的,财务会计,-2,2,-2,3,-2,-2,1,1,1,-1,1,13
女,18~25,均匀的,学生,-1,3,2,-1,-2,-2,1,-1,-1,1,-1,13
女,26~30,均匀的,O,-1,2,1,1,2,1,-1,-1,1,-3,-3,13
女,26~30,偏胖的,服装,-2,3,2,2,1,-1,-1,-1,2,2,1,13
女,26~30,均匀的,教师,-1,3,-1,2,-1,-2,2,1,-1,1,-1,13
女,26~30,均匀的,医师,-2,3,-2,-2,-2,-2,-1,-1,-2,-1,-2,13
女,26~30,偏胖的,医学,-2,3,-1,-1,1,-1,-1,1,-1,-1,-1,13
女,26~30,均匀的,服装,-1,3,-2,-1,-1,1,-2,-1,1,-3,-3,13
女,26~30,均匀的,服装设计,-1,3,-2,3,3,3,-2,-3,-2,-3,-3,13
女,26~30,均匀的,纺织研究助理,-1,3,2,1,1,1,-1,-1,2,-2,-3,13
女,31~40,偏瘦的,(空),-1,3,1,1,2,3,-1,-2,-2,-3,-2,13
女,31~40,均匀的,(空),2,2,-2,1,2,3,2,1,1,-3,-3,13
女,31~40,均匀的,教师,-2,3,1,1,-1,1,2,1,-2,1,1,13
女,31~40,偏胖的,教育,-2,-2,1,-1,-2,2,-2,-1,2,-3,-3,13
男,18~25,均匀的,master of school of architecture,1,2,2,1,2,-1,1,-1,-2,-2,1,13
男,18~25,偏瘦的,广告,-2,1,-1,2,-2,-2,-1,-3,1,-3,-2,13
男,18~25,均匀的,学生,1,-2,1,2,1,1,1,1,1,1,1,13
男,18~25,均匀的,学生,1,3,1,1,1,-1,1,1,-1,1,1,13
男,18~25,均匀的,学生,1,3,1,-1,1,-1,1,-1,-1,1,-1,13
男,18~25,均匀的,学生,2,3,-1,2,-2,-3,3,1,-1,1,-2,13
男,18岁以下,偏瘦的,本科在校学生,1,-1,1,-2,-2,-1,1,-1,-2,-2,-2,13
男,26~30,偏胖的,学生,1,3,1,2,-2,1,-2,1,2,-2,-2,13
男,26~30,均匀的,颜色科学,2,3,-2,2,2,2,2,2,2,2,2,13
男,26~30,偏胖的,(空),-1,3,-1,1,1,-1,-1,1,-1,-1,-1,13
男,26~30,偏瘦的,design master,1,3,1,-3,2,2,-2,1,2,-2,-2,13
男,31~40,偏胖的,工业设计,3,3,2,1,3,3,3,1,3,-3,-2,13
男,31~40,偏胖的,教,1,3,2,1,2,1,1,1,1,2,1,13
男,31~40,偏胖的,(空),2,3,2,3,3,3,-2,3,3,-2,3,13
男,31~40,偏胖的,design phd,-2,3,-1,3,1,2,-3,3,3,-3,-3,13
男,31~40,偏胖的,(空),2,3,2,2,1,3,-2,1,-1,2,-2,13
男,41~50,均匀的,教师,-2,3,-1,-1,1,1,1,1,-1,-3,-3,13
女,18~25,偏胖的,行N企,-3,-2,2,-3,-3,-2,-3,-1,3,-3,-3,14
女,18~25,偏胖的,O,1,-2,2,1,1,2,1,1,3,2,2,14
女,18~25,偏瘦的,学生,2,-3,2,1,2,1,2,1,-2,1,2,14
女,18~25,均匀的,财务会计,2,-2,2,3,1,1,2,1,1,-1,2,14
女,18~25,均匀的,学生,3,-2,3,3,3,2,3,3,1,1,3,14
女,26~30,均匀的,O,-1,-2,1,-1,2,1,-1,1,1,1,-1,14
女,26~30,偏胖的,服装,2,-3,1,2,1,-3,-1,1,-1,-2,-1,14
女,26~30,均匀的,教师,1,-2,2,2,2,2,1,-1,1,1,1,14
女,26~30,均匀的,医师,2,1,2,2,2,2,2,-1,2,-1,3,14
女,26~30,偏胖的,医学,3,-2,3,2,2,2,2,2,2,2,3,14
女,26~30,均匀的,服装,-2,-1,2,-1,-1,1,1,1,-3,1,3,14
女,26~30,均匀的,服装设计,-1,-2,1,1,-1,-2,-1,1,-3,3,2,14
女,26~30,均匀的,纺织研究助理,-2,2,-2,-2,-1,1,-3,-1,-3,1,-3,14
女,31~40,偏瘦的,(空),-3,-1,-3,-2,-3,1,-3,2,-3,3,-3,14
女,31~40,均匀的,(空),-1,-2,3,1,2,-3,3,3,2,3,3,14
女,31~40,均匀的,教师,1,-2,-1,-1,1,-1,-2,-1,-2,1,-2,14
女,31~40,偏胖的,教育,-2,-1,2,1,-2,-2,-2,2,1,2,1,14
男,18~25,均匀的,master of school of architecture,-2,2,-1,-2,-1,-2,-2,-2,-2,-2,-3,14
男,18~25,偏瘦的,广告,1,1,-2,1,1,-1,2,1,3,2,1,14
男,18~25,均匀的,学生,-1,1,1,1,1,1,1,1,-1,-1,-1,14
男,18~25,均匀的,学生,1,3,2,1,1,1,2,-1,-1,1,1,14
男,18~25,均匀的,学生,3,-1,3,3,3,2,3,-1,1,1,1,14
男,18~25,均匀的,学生,3,-2,1,3,-1,-2,3,1,1,2,1,14
男,18岁以下,偏瘦的,本科在校学生,1,-1,1,1,1,1,1,1,-1,-2,-1,14
男,26~30,偏胖的,学生,1,-2,2,-1,2,-1,2,2,-2,-2,2,14
男,26~30,均匀的,颜色科学,-3,3,1,-3,-3,-3,-3,-2,2,-3,-2,14
男,26~30,偏胖的,(空),1,2,1,1,1,-1,1,1,-1,-2,-2,14
男,26~30,偏瘦的,design master,-2,1,2,-2,-1,-2,-1,1,-2,-1,2,14
男,31~40,偏胖的,工业设计,-3,-1,1,-3,-3,-3,-2,1,1,-1,1,14
男,31~40,偏胖的,教,-1,-1,1,1,-1,1,1,1,1,-1,-1,14
男,31~40,偏胖的,(空),1,-3,1,-2,-2,-1,1,1,1,1,-1,14
男,31~40,偏胖的,design phd,-2,2,-1,3,2,1,-1,-2,2,-2,-1,14
男,31~40,偏胖的,(空),-2,-2,-1,2,1,2,-2,-2,-3,-2,-2,14
男,41~50,均匀的,教师,-2,-1,1,1,-1,-1,-2,-1,-2,-2,-2,14
女,18~25,偏胖的,行N企,2,-2,2,1,-2,-3,2,-2,3,1,-2,15
女,18~25,偏胖的,O,1,-1,2,-1,1,1,-1,-2,3,-3,-1,15
女,18~25,偏瘦的,学生,2,2,2,1,1,2,2,-1,2,-2,-2,15
女,18~25,均匀的,财务会计,3,-3,3,3,2,1,3,-1,2,1,3,15
女,18~25,均匀的,学生,3,-2,3,2,2,1,1,3,3,-1,3,15
女,26~30,均匀的,O,1,2,3,1,2,1,1,-1,2,-3,-2,15
女,26~30,偏胖的,服装,-1,-1,-1,2,2,1,-1,-1,1,2,2,15
女,26~30,均匀的,教师,1,2,2,2,2,2,1,-1,2,-1,1,15
女,26~30,均匀的,医师,2,1,2,1,2,2,2,-1,2,-2,2,15
女,26~30,偏胖的,医学,1,-2,2,2,1,-1,-2,-2,2,-2,-1,15
女,26~30,均匀的,服装,1,2,-1,-1,-2,-1,1,-1,1,-1,-1,15
女,26~30,均匀的,服装设计,2,1,2,1,-2,-1,2,-2,3,-3,-3,15
女,26~30,均匀的,纺织研究助理,2,1,3,1,1,2,1,-1,2,-1,1,15
女,31~40,偏瘦的,(空),1,3,1,-1,-2,1,1,-3,-3,-3,-3,15
女,31~40,均匀的,(空),2,2,2,3,2,3,2,2,3,3,3,15
女,31~40,均匀的,教师,-2,1,-1,1,-1,1,2,-1,1,-1,-1,15
女,31~40,偏胖的,教育,-1,-2,1,-1,1,-1,1,1,1,-2,-2,15
男,18~25,均匀的,master of school of architecture,3,2,3,3,3,1,3,1,-2,-1,3,15
男,18~25,偏瘦的,广告,2,1,1,2,1,-1,-2,-1,3,-3,-3,15
男,18~25,均匀的,学生,1,1,1,2,1,1,1,1,1,1,1,15
男,18~25,均匀的,学生,1,-2,2,1,1,1,1,-1,-1,-1,1,15
男,18~25,均匀的,学生,2,2,3,1,1,2,2,-1,1,-1,-1,15
男,18~25,均匀的,学生,3,3,2,1,1,1,2,1,2,1,1,15
男,18岁以下,偏瘦的,本科在校学生,1,-1,2,1,1,2,1,1,-2,-2,-1,15
男,26~30,偏胖的,学生,2,1,3,3,3,-1,3,1,3,3,3,15
男,26~30,均匀的,颜色科学,2,1,2,2,2,2,2,2,2,1,1,15
男,26~30,偏胖的,(空),2,3,2,1,1,1,1,1,-1,-1,-2,15
男,26~30,偏瘦的,design master,3,2,3,2,3,2,2,1,3,2,2,15
男,31~40,偏胖的,工业设计,2,2,2,-1,2,2,2,1,3,1,1,15
男,31~40,偏胖的,教,-1,3,1,1,-1,1,-1,1,1,1,-1,15
男,31~40,偏胖的,(空),2,-2,2,-1,1,1,-2,2,2,-2,-2,15
男,31~40,偏胖的,design phd,1,-2,1,3,3,-2,2,1,1,-2,-1,15
男,31~40,偏胖的,(空),-2,-2,-3,-2,-3,-3,-3,1,-1,-2,-3,15
男,41~50,均匀的,教师,1,1,2,1,1,2,1,-2,2,-2,-3,15
女,18~25,偏胖的,行N企,-2,-1,2,-3,-3,-3,2,-2,1,-3,-2,16
女,18~25,偏胖的,O,-3,-2,-3,-3,-3,-3,-3,-3,-3,-3,-3,16
女,18~25,偏瘦的,学生,1,-1,1,-1,-2,2,2,-3,3,-3,-3,16
女,18~25,均匀的,财务会计,3,-3,3,3,3,2,3,-1,2,1,2,16
女,18~25,均匀的,学生,1,-3,2,2,-1,3,2,3,3,-1,1,16
女,26~30,均匀的,O,-2,-2,1,-2,1,1,-2,1,-1,-3,-3,16
女,26~30,偏胖的,服装,1,-2,-2,-1,1,2,-1,-1,-1,1,1,16
女,26~30,均匀的,教师,1,-2,1,2,2,2,1,-1,2,-1,1,16
女,26~30,均匀的,医师,2,-1,2,1,2,1,2,-1,2,-1,2,16
女,26~30,偏胖的,医学,1,-2,1,1,-2,1,-1,1,-1,-1,1,16
女,26~30,均匀的,服装,-1,-2,2,-1,-1,-1,-1,1,-2,-1,1,16
女,26~30,均匀的,服装设计,-2,-1,1,-2,1,-1,-1,-1,-3,-3,-3,16
女,26~30,均匀的,纺织研究助理,-2,2,2,-1,1,-1,-3,-1,-3,-2,-2,16
女,31~40,偏瘦的,(空),-3,1,1,-3,-3,-3,-3,-2,-3,3,-3,16
女,31~40,均匀的,(空),2,-2,2,1,2,1,2,3,3,3,3,16
女,31~40,均匀的,教师,-1,-2,1,1,-1,1,-1,-1,-1,-1,-1,16
女,31~40,偏胖的,教育,-2,-2,2,-2,-3,-3,-1,-2,-3,-3,-3,16
男,18~25,均匀的,master of school of architecture,-1,-2,1,-2,-3,-3,-1,-2,-3,1,-1,16
男,18~25,偏瘦的,广告,-1,1,-2,-2,-1,-3,-1,-1,-1,-2,-3,16
男,18~25,均匀的,学生,1,-2,2,2,1,1,1,1,1,1,1,16
男,18~25,均匀的,学生,1,-3,1,1,1,1,1,1,1,1,1,16
男,18~25,均匀的,学生,3,1,3,3,2,2,3,2,3,2,3,16
男,18~25,均匀的,学生,3,-2,1,3,2,2,3,1,3,-1,2,16
男,18岁以下,偏瘦的,本科在校学生,1,-1,2,1,1,2,1,1,1,-2,-1,16
男,26~30,偏胖的,学生,-1,-1,3,-1,-1,-1,3,-2,-1,2,2,16
男,26~30,均匀的,颜色科学,-1,1,-1,-2,-2,-3,-2,-1,1,-1,-1,16
男,26~30,偏胖的,(空),2,-1,2,2,2,1,2,1,1,-1,-2,16
男,26~30,偏瘦的,design master,-2,-1,2,-1,-2,-3,2,1,-2,1,2,16
男,31~40,偏胖的,工业设计,-2,1,1,-2,-2,-2,-2,-1,1,-2,-2,16
男,31~40,偏胖的,教,-1,-2,1,1,-1,2,1,1,-1,1,2,16
男,31~40,偏胖的,(空),1,-3,1,-2,1,1,-1,1,1,-2,-2,16
男,31~40,偏胖的,design phd,-2,-2,-2,1,-2,-2,-1,2,-2,2,3,16
男,31~40,偏胖的,(空),-3,-3,2,-3,-3,-3,-1,-2,-2,-3,-3,16
男,41~50,均匀的,教师,-2,-1,-1,1,-1,-2,-2,-1,-2,-3,-3,16
女,18~25,偏胖的,行N企,3,2,2,1,1,2,1,1,1,2,2,17
女,18~25,偏胖的,O,-3,-1,-2,-3,-3,-3,-2,-3,-3,-3,-3,17
女,18~25,偏瘦的,学生,1,2,2,-2,-3,2,2,-3,3,-3,-3,17
女,18~25,均匀的,财务会计,-1,-3,1,3,1,1,1,-1,1,-1,-1,17
女,18~25,均匀的,学生,3,1,3,1,1,3,3,-3,3,-1,-1,17
女,26~30,均匀的,O,2,2,2,1,2,2,2,1,1,2,1,17
女,26~30,偏胖的,服装,-2,-1,-1,2,2,1,-1,2,-1,2,-1,17
女,26~30,均匀的,教师,-1,3,1,1,3,3,-1,-2,3,-2,-1,17
女,26~30,均匀的,医师,1,1,2,1,1,1,1,-1,2,-1,1,17
女,26~30,偏胖的,医学,2,2,3,2,3,3,3,-2,2,-2,-3,17
女,26~30,均匀的,服装,-1,1,-1,-3,-2,-1,-1,-1,-1,-1,-1,17
女,26~30,均匀的,服装设计,3,-1,2,-2,2,3,3,-3,-2,-3,-3,17
女,26~30,均匀的,纺织研究助理,-1,2,2,-1,-1,-1,1,-2,-3,1,-3,17
女,31~40,偏瘦的,(空),-2,3,1,-3,-2,-3,-3,-3,-3,-3,-3,17
女,31~40,均匀的,(空),3,-1,2,-1,1,-1,2,2,3,2,1,17
女,31~40,均匀的,教师,-1,2,1,-1,-2,-1,-1,-1,1,-1,-1,17
女,31~40,偏胖的,教育,-1,-1,2,-2,-3,-2,-2,1,-1,1,-2,17
男,18~25,均匀的,master of school of architecture,2,-2,3,2,-1,-2,2,-2,-2,1,1,17
男,18~25,偏瘦的,广告,-1,1,-1,-3,-2,-3,-1,-3,-3,-3,-3,17
男,18~25,均匀的,学生,1,2,1,1,1,1,1,1,1,1,1,17
男,18~25,均匀的,学生,1,1,2,1,1,2,1,1,1,1,1,17
男,18~25,均匀的,学生,2,3,2,3,2,3,2,-1,3,-1,2,17
男,18~25,均匀的,学生,1,-2,1,1,1,2,-2,1,2,-2,1,17
男,18岁以下,偏瘦的,本科在校学生,1,-1,2,1,1,2,1,1,1,-1,-1,17
男,26~30,偏胖的,学生,-1,1,3,2,-2,-2,3,-2,1,-1,-2,17
男,26~30,均匀的,颜色科学,1,3,1,3,-1,1,-1,1,1,-1,-1,17
男,26~30,偏胖的,(空),2,2,2,2,2,2,2,1,1,-1,-2,17
男,26~30,偏瘦的,design master,-2,2,2,-1,-3,-3,3,-1,-2,-2,-1,17
男,31~40,偏胖的,工业设计,1,3,3,-1,1,1,1,-1,1,1,-3,17
男,31~40,偏胖的,教,1,-2,-1,2,-1,1,1,1,-1,1,1,17
男,31~40,偏胖的,(空),1,-2,1,2,1,1,-1,1,1,1,-2,17
男,31~40,偏胖的,design phd,-1,-2,1,1,-1,-1,-1,-2,2,-2,-3,17
男,31~40,偏胖的,(空),2,-3,1,2,3,-1,-2,-1,-2,-1,-2,17
男,41~50,均匀的,教师,-1,1,1,1,-1,-2,-2,1,1,-1,-3,17
女,18~25,偏胖的,行N企,2,3,-1,1,-2,-1,-1,-2,-1,1,-2,18
女,18~25,偏胖的,O,-3,3,-1,-3,1,1,-3,-3,-3,-3,-3,18
女,18~25,偏瘦的,学生,1,3,-1,-1,1,1,1,-1,-2,-1,1,18
女,18~25,均匀的,财务会计,3,1,3,3,3,1,3,-1,1,-2,2,18
女,18~25,均匀的,学生,3,3,3,3,-1,3,-1,-2,-1,-1,-2,18
女,26~30,均匀的,O,1,2,-1,1,1,1,1,-1,-1,-3,-3,18
女,26~30,偏胖的,服装,-1,2,1,3,2,2,1,-1,-2,-1,-2,18
女,26~30,均匀的,教师,-1,3,-1,1,2,1,-1,-1,2,-3,-2,18
女,26~30,均匀的,医师,-1,3,1,-1,1,1,-1,1,1,-2,-2,18
女,26~30,偏胖的,医学,-1,2,2,-1,3,3,3,2,-1,1,-1,18
女,26~30,均匀的,服装,1,1,1,-1,-1,1,-1,-1,-1,-3,-3,18
女,26~30,均匀的,服装设计,3,3,1,2,2,2,3,-3,-1,-3,-3,18
女,26~30,均匀的,纺织研究助理,1,3,1,-1,1,2,-1,-2,-3,-3,-2,18
女,31~40,偏瘦的,(空),-2,3,-1,1,1,1,1,-3,-3,-3,-3,18
女,31~40,均匀的,(空),1,2,-3,3,3,3,2,1,-3,-3,-3,18
女,31~40,均匀的,教师,-1,3,1,1,-1,-1,-1,1,-1,1,-1,18
女,31~40,偏胖的,教育,2,-2,3,3,3,3,3,3,1,2,3,18
男,18~25,均匀的,master of school of architecture,1,1,-1,1,3,1,-1,2,-2,-3,-1,18
男,18~25,偏瘦的,广告,1,1,-1,-2,-2,-1,-2,1,-1,2,2,18
男,18~25,均匀的,学生,1,-1,2,1,2,1,1,2,1,1,1,18
男,18~25,均匀的,学生,-1,2,-1,-1,1,2,-1,-1,1,-1,-1,18
男,18~25,均匀的,学生,1,3,1,2,1,1,1,-2,2,-2,-3,18
男,18~25,均匀的,学生,2,3,-1,1,1,1,2,1,1,2,-2,18
男,18岁以下,偏瘦的,本科在校学生,1,-1,1,-1,1,1,1,1,3,-1,2,18
男,26~30,偏胖的,学生,1,2,-1,2,2,1,-3,1,2,-3,-3,18
男,26~30,均匀的,颜色科学,3,3,1,3,3,3,3,2,2,2,2,18
男,26~30,偏胖的,(空),2,3,2,2,2,2,2,1,1,1,-2,18
男,26~30,偏瘦的,design master,1,3,-1,-3,-1,-1,-2,2,-1,-2,-3,18
男,31~40,偏胖的,工业设计,3,3,2,1,3,3,2,1,3,-3,-3,18
男,31~40,偏胖的,教,2,3,3,3,3,3,3,3,1,3,1,18
男,31~40,偏胖的,(空),-1,3,-2,3,3,3,-3,1,1,-2,-2,18
男,31~40,偏胖的,design phd,1,3,2,3,3,3,2,2,2,-3,-2,18
男,31~40,偏胖的,(空),2,2,-1,2,-2,1,-1,-1,2,-1,1,18
男,41~50,均匀的,教师,-2,2,-2,-2,-2,-2,-1,-1,1,-3,-3,18
女,18~25,偏胖的,行N企,-2,3,-1,-3,-2,-1,-2,-2,-1,-3,-3,19
女,18~25,偏胖的,O,-3,3,-2,-3,-3,1,-3,-3,-3,-3,-3,19
女,18~25,偏瘦的,学生,1,2,-1,1,1,-1,1,2,-2,2,2,19
女,18~25,均匀的,财务会计,-1,1,-2,3,-1,1,1,-1,-1,-2,2,19
女,18~25,均匀的,学生,3,3,3,3,3,2,2,2,-2,3,2,19
女,26~30,均匀的,O,1,2,-1,1,2,1,2,1,-1,-3,-2,19
女,26~30,偏胖的,服装,-1,-2,-2,2,1,1,-1,-1,-2,-2,1,19
女,26~30,均匀的,教师,-1,3,-1,1,1,1,-1,1,-2,1,2,19
女,26~30,均匀的,医师,-2,2,-2,-1,-2,-2,-1,2,-2,2,1,19
女,26~30,偏胖的,医学,2,-2,-1,3,3,1,3,3,-1,3,3,19
女,26~30,均匀的,服装,1,-1,-1,-1,1,1,-1,1,-3,-3,-3,19
女,26~30,均匀的,服装设计,3,2,1,2,2,1,3,-1,-3,-3,-3,19
女,26~30,均匀的,纺织研究助理,-1,1,-2,2,2,1,-1,1,-3,-2,-1,19
女,31~40,偏瘦的,(空),-2,3,-2,1,2,1,-2,-2,1,-3,-1,19
女,31~40,均匀的,(空),1,2,-1,2,2,-1,1,1,-1,1,-2,19
女,31~40,均匀的,教师,1,3,-1,1,-1,-1,-1,-1,-1,-1,1,19
女,31~40,偏胖的,教育,-1,2,2,2,2,3,-2,2,-1,2,1,19
男,18~25,均匀的,master of school of architecture,-1,1,-1,2,3,-2,1,2,-2,-3,-1,19
男,18~25,偏瘦的,广告,1,1,1,2,1,1,2,2,-1,2,1,19
男,18~25,均匀的,学生,1,-2,1,1,1,1,1,1,1,1,1,19
男,18~25,均匀的,学生,-1,-2,-1,1,1,1,1,1,-1,-1,1,19
男,18~25,均匀的,学生,-1,3,-1,1,-1,-1,1,1,-1,1,1,19
男,18~25,均匀的,学生,-2,2,-2,-1,-1,-2,-1,-1,-2,-2,-2,19
男,18岁以下,偏瘦的,本科在校学生,-1,1,-1,1,1,-1,-1,1,-1,-1,-3,19
男,26~30,偏胖的,学生,-1,2,2,1,2,-2,2,1,-2,2,3,19
男,26~30,均匀的,颜色科学,1,3,1,2,1,1,1,1,1,1,-1,19
男,26~30,偏胖的,(空),1,3,-1,1,1,1,-1,1,-1,1,1,19
男,26~30,偏瘦的,design master,1,2,-1,-2,2,-1,-2,-1,2,-3,1,19
男,31~40,偏胖的,工业设计,2,3,1,1,2,2,2,1,2,-3,-2,19
男,31~40,偏胖的,教,1,3,2,2,1,2,1,2,1,2,2,19
男,31~40,偏胖的,(空),-1,-3,-2,2,1,1,-1,1,2,-2,2,19
男,31~40,偏胖的,design phd,1,2,1,3,2,2,1,1,2,-1,1,19
男,31~40,偏胖的,(空),2,-1,1,2,2,-1,-2,3,2,2,-1,19
男,41~50,均匀的,教师,1,2,-1,1,-1,-2,-1,-1,-2,1,-1,19
女,18~25,偏胖的,行N企,-2,-2,-2,-1,-3,-2,-1,-1,-2,-3,-3,20
女,18~25,偏胖的,O,-1,2,-1,1,-1,-1,-1,-1,-2,-1,-1,20
女,18~25,偏瘦的,学生,1,2,-1,-1,1,-1,1,-1,-2,-2,1,20
女,18~25,均匀的,财务会计,1,1,1,3,1,1,2,-1,-1,-1,1,20
女,18~25,均匀的,学生,1,-3,1,1,-1,-2,-1,-1,1,1,-1,20
女,26~30,均匀的,O,-1,-2,-1,1,-1,-1,1,1,-1,2,1,20
女,26~30,偏胖的,服装,-1,-2,1,2,-1,1,-2,-1,-2,1,1,20
女,26~30,均匀的,教师,-1,1,-1,-1,2,2,-1,1,-1,-3,-2,20
女,26~30,均匀的,医师,-1,-1,1,1,1,1,-1,-1,-2,-2,-2,20
女,26~30,偏胖的,医学,1,-2,2,2,3,2,2,2,2,1,2,20
女,26~30,均匀的,服装,1,-2,-1,1,-1,-1,1,1,-2,-1,1,20
女,26~30,均匀的,服装设计,-2,-1,-1,3,-2,-2,-2,3,-3,3,-2,20
女,26~30,均匀的,纺织研究助理,1,-1,-1,2,1,2,-1,2,-2,2,-1,20
女,31~40,偏瘦的,(空),-2,3,-2,2,-2,1,-2,2,-2,2,1,20
女,31~40,均匀的,(空),-1,-2,-2,1,1,2,1,1,-2,-2,-1,20
女,31~40,均匀的,教师,1,-1,-1,-1,1,-1,-1,-1,-2,-1,1,20
女,31~40,偏胖的,教育,-2,-2,-2,3,3,-3,2,3,-2,3,3,20
男,18~25,均匀的,master of school of architecture,1,-2,1,1,-2,-2,1,1,-2,1,-1,20
男,18~25,偏瘦的,广告,-1,1,-1,2,-1,-2,1,-1,-2,3,2,20
男,18~25,均匀的,学生,1,-1,1,1,1,1,2,2,2,1,1,20
男,18~25,均匀的,学生,1,-2,1,1,1,1,1,1,-1,1,1,20
男,18~25,均匀的,学生,-1,-2,-1,-2,-1,-1,-1,-1,-1,1,-2,20
男,18~25,均匀的,学生,1,-2,-1,1,2,2,1,-1,1,2,1,20
男,18岁以下,偏瘦的,本科在校学生,-1,-1,-1,1,1,1,-1,1,-2,-2,-3,20
男,26~30,偏胖的,学生,-2,-1,-2,1,-1,1,2,1,-1,2,1,20
男,26~30,均匀的,颜色科学,2,3,-2,2,3,2,2,2,-2,2,2,20
男,26~30,偏胖的,(空),1,-1,1,1,1,-1,-1,1,-1,-3,-3,20
男,26~30,偏瘦的,design master,-2,1,-1,2,-2,-2,1,2,-2,2,2,20
男,31~40,偏胖的,工业设计,-1,3,-2,1,1,1,-1,1,1,1,-1,20
男,31~40,偏胖的,教,1,-2,2,2,2,2,2,2,1,-1,1,20
男,31~40,偏胖的,(空),-1,-3,-2,-1,2,-2,2,1,-2,2,1,20
男,31~40,偏胖的,design phd,-1,-2,-1,3,1,-1,-1,1,-2,1,2,20
男,31~40,偏胖的,(空),-3,-2,-2,-2,-2,-3,-3,-1,1,-2,-2,20
男,41~50,均匀的,教师,-1,-1,-2,1,-1,-2,-2,-1,-1,1,1,20
女,18~25,偏胖的,行N企,-1,3,-2,-1,-1,-1,2,-2,2,-3,-3,21
女,18~25,偏胖的,O,-3,3,-2,-3,-2,2,-2,-3,2,-3,-3,21
女,18~25,偏瘦的,学生,1,3,1,-1,1,2,2,-1,2,-2,1,21
女,18~25,均匀的,财务会计,1,1,-1,3,2,1,1,-1,1,-1,-1,21
女,18~25,均匀的,学生,1,3,1,2,1,-1,2,1,-1,-2,-1,21
女,26~30,均匀的,O,-1,2,1,1,1,1,-1,-1,1,-3,-3,21
女,26~30,偏胖的,服装,-1,3,3,2,2,1,1,-2,2,2,1,21
女,26~30,均匀的,教师,1,3,1,1,2,2,-1,1,-3,-3,-3,21
女,26~30,均匀的,医师,1,3,1,1,1,1,-1,-1,-1,-2,-1,21
女,26~30,偏胖的,医学,1,2,2,3,2,1,2,1,2,2,1,21
女,26~30,均匀的,服装,-1,2,1,-2,1,1,-2,-1,-1,-3,-3,21
女,26~30,均匀的,服装设计,2,3,2,-2,3,-1,2,1,3,-3,-3,21
女,26~30,均匀的,纺织研究助理,1,2,1,2,2,3,1,-2,-3,-2,-2,21
女,31~40,偏瘦的,(空),-1,3,1,1,2,3,-2,-2,1,-3,1,21
女,31~40,均匀的,(空),1,2,-2,2,3,3,2,-1,2,-3,-3,21
女,31~40,均匀的,教师,-1,2,-2,-2,1,-1,-1,-1,1,-1,-1,21
女,31~40,偏胖的,教育,-3,3,1,1,2,3,-3,1,2,-3,-3,21
男,18~25,均匀的,master of school of architecture,2,2,2,2,3,1,1,1,2,-1,-1,21
男,18~25,偏瘦的,广告,1,1,-2,-3,-3,-3,-3,-3,1,-3,-3,21
男,18~25,均匀的,学生,1,1,2,2,1,1,1,1,1,2,1,21
男,18~25,均匀的,学生,1,3,-1,1,2,1,1,1,-1,1,1,21
男,18~25,均匀的,学生,1,2,-1,2,1,1,1,-1,-1,-1,-2,21
男,18~25,均匀的,学生,2,3,1,1,1,2,1,1,1,-2,-1,21
男,18岁以下,偏瘦的,本科在校学生,2,1,1,1,1,1,1,1,-1,1,2,21
男,26~30,偏胖的,学生,1,2,-1,1,2,1,-2,1,2,-1,1,21
男,26~30,均匀的,颜色科学,3,3,-2,3,3,3,3,2,2,2,2,21
男,26~30,偏胖的,(空),1,2,-1,1,1,-1,1,1,-1,-3,-3,21
男,26~30,偏瘦的,design master,-2,2,2,-2,3,2,-2,1,1,-2,-2,21
男,31~40,偏胖的,工业设计,3,3,2,1,3,3,2,1,3,-3,-3,21
男,31~40,偏胖的,教,1,3,2,2,1,1,2,1,1,2,2,21
男,31~40,偏胖的,(空),2,-2,2,3,3,3,-2,2,2,-2,3,21
男,31~40,偏胖的,design phd,-1,2,-1,2,1,2,1,-1,2,-3,-3,21
男,31~40,偏胖的,(空),-1,2,2,2,3,2,1,2,3,-1,-2,21
男,41~50,均匀的,教师,1,1,1,1,2,2,-1,1,2,-2,-2,21
女,18~25,偏胖的,行N企,1,3,2,1,-1,2,-2,-1,3,-2,-3,22
女,18~25,偏胖的,O,-2,3,1,-1,1,2,-2,-3,3,-3,-3,22
女,18~25,偏瘦的,学生,2,3,1,-1,1,1,1,-1,-2,-2,-2,22
女,18~25,均匀的,财务会计,3,1,3,3,1,1,3,-1,2,1,2,22
女,18~25,均匀的,学生,3,3,3,3,3,3,3,3,3,3,3,22
女,26~30,均匀的,O,1,2,3,1,1,1,1,-1,3,-3,-3,22
女,26~30,偏胖的,服装,2,3,2,2,1,-1,1,-2,3,-2,2,22
女,26~30,均匀的,教师,2,3,2,2,3,2,3,-1,1,-1,1,22
女,26~30,均匀的,医师,2,3,2,-1,2,2,2,-1,2,-2,1,22
女,26~30,偏胖的,医学,-1,2,1,1,2,1,1,2,1,2,1,22
女,26~30,均匀的,服装,1,3,1,-3,1,1,1,1,3,-3,-3,22
女,26~30,均匀的,服装设计,3,3,2,3,2,3,2,1,3,-3,-3,22
女,26~30,均匀的,纺织研究助理,-1,3,1,2,2,3,-1,-1,2,-2,-1,22
女,31~40,偏瘦的,(空),2,3,2,2,2,3,2,-2,-3,-3,-3,22
女,31~40,均匀的,(空),2,3,2,2,3,3,3,1,3,-1,2,22
女,31~40,均匀的,教师,1,3,-1,-1,-1,1,-1,-1,-1,-1,1,22
女,31~40,偏胖的,教育,-2,3,2,3,-2,3,-1,2,3,3,3,22
男,18~25,均匀的,master of school of architecture,1,2,1,3,3,1,1,-1,-2,-2,2,22
男,18~25,偏瘦的,广告,2,-1,2,2,1,-2,2,1,3,2,2,22
男,18~25,均匀的,学生,1,2,1,2,1,1,1,-1,1,2,1,22
男,18~25,均匀的,学生,1,-2,1,-1,1,-1,1,-1,-1,-1,-1,22
男,18~25,均匀的,学生,2,3,2,2,2,2,2,-1,1,-1,-1,22
男,18~25,均匀的,学生,1,3,2,1,2,-1,3,1,1,-1,2,22
男,18岁以下,偏瘦的,本科在校学生,1,-1,1,-1,-1,-1,1,1,-1,-2,-2,22
男,26~30,偏胖的,学生,1,2,2,2,2,1,2,2,2,2,1,22
男,26~30,均匀的,颜色科学,3,3,3,3,3,3,3,3,3,2,3,22
男,26~30,偏胖的,(空),1,3,1,2,1,-1,1,1,-1,-2,-2,22
男,26~30,偏瘦的,design master,-2,3,2,-3,-1,2,-2,1,2,-2,-3,22
男,31~40,偏胖的,工业设计,3,3,2,2,3,3,3,1,3,1,1,22
男,31~40,偏胖的,教,2,2,3,3,3,2,3,2,1,3,3,22
男,31~40,偏胖的,(空),2,1,2,2,2,2,-2,2,3,-1,3,22
男,31~40,偏胖的,design phd,1,3,1,3,1,1,1,-2,3,-2,-3,22
男,31~40,偏胖的,(空),3,3,2,2,3,3,-1,-2,3,-3,-3,22
男,41~50,均匀的,教师,1,3,2,1,-2,-2,-1,1,2,-2,-2,22
女,18~25,偏胖的,行N企,3,-1,1,1,-1,-2,1,-1,3,1,1,23
女,18~25,偏胖的,O,-1,2,1,-2,2,2,-2,-3,3,-3,-3,23
女,18~25,偏瘦的,学生,1,2,-2,1,1,-1,1,2,2,1,2,23
女,18~25,均匀的,财务会计,1,1,2,3,-1,-1,2,1,1,1,3,23
女,18~25,均匀的,学生,-2,1,1,1,-1,-2,1,1,-1,2,-1,23
女,26~30,均匀的,O,1,2,1,1,2,1,1,-1,1,-1,-2,23
女,26~30,偏胖的,服装,2,-2,-1,-1,1,2,2,-1,1,-1,1,23
女,26~30,均匀的,教师,-1,3,1,1,-1,-2,-1,1,-2,-1,-1,23
女,26~30,均匀的,医师,-2,1,-2,-2,-2,-2,-2,1,-2,-2,-2,23
女,26~30,偏胖的,医学,1,2,1,2,1,2,2,1,2,1,1,23
女,26~30,均匀的,服装,-2,2,1,-1,1,1,-1,-3,3,-3,-3,23
女,26~30,均匀的,服装设计,3,2,3,3,3,3,3,1,3,-3,-3,23
女,26~30,均匀的,纺织研究助理,1,3,2,2,2,1,1,-2,-1,-3,-1,23
女,31~40,偏瘦的,(空),2,3,2,1,2,3,2,-3,-3,-3,-3,23
女,31~40,均匀的,(空),2,2,2,1,2,1,2,1,3,-1,1,23
女,31~40,均匀的,教师,1,3,-2,-1,1,-1,-1,-2,-1,1,1,23
女,31~40,偏胖的,教育,1,-2,1,2,2,3,-1,-1,2,1,2,23
男,18~25,均匀的,master of school of architecture,3,1,3,3,3,1,3,-2,-2,-1,3,23
男,18~25,偏瘦的,广告,2,-1,1,1,-2,-2,1,-1,3,1,1,23
男,18~25,均匀的,学生,1,1,1,1,1,1,1,1,1,1,1,23
男,18~25,均匀的,学生,1,-2,1,-1,-1,-1,1,-1,-1,-1,1,23
男,18~25,均匀的,学生,-1,3,1,-2,-1,-1,-1,2,2,1,2,23
男,18~25,均匀的,学生,-1,3,1,-1,-1,-1,1,1,1,1,1,23
男,18岁以下,偏瘦的,本科在校学生,-2,1,-1,-3,-1,-1,-2,1,-2,-2,-1,23
男,26~30,偏胖的,学生,-1,2,2,2,-2,-1,2,-1,2,1,1,23
男,26~30,均匀的,颜色科学,2,2,2,2,2,2,2,2,2,2,3,23
男,26~30,偏胖的,(空),-1,2,1,1,-1,-1,-1,1,-1,1,-1,23
男,26~30,偏瘦的,design master,2,3,3,2,3,2,1,-1,3,-1,2,23
男,31~40,偏胖的,工业设计,2,3,2,-2,1,1,2,1,2,1,1,23
男,31~40,偏胖的,教,1,2,1,2,1,1,1,-1,-1,1,1,23
男,31~40,偏胖的,(空),2,1,2,1,2,2,-2,3,3,-2,2,23
男,31~40,偏胖的,design phd,1,1,1,-2,1,1,1,1,3,1,-3,23
男,31~40,偏胖的,(空),-1,2,3,2,3,3,2,2,3,-2,-3,23
男,41~50,均匀的,教师,1,2,1,-1,1,1,1,1,1,-1,-2,23
女,18~25,偏胖的,行N企,3,-1,2,-1,-3,-3,2,-2,3,1,-3,24
女,18~25,偏胖的,O,-2,1,1,-1,-1,2,-2,-3,2,-3,-3,24
女,18~25,偏瘦的,学生,-1,2,1,-3,-2,2,1,-3,3,-3,-3,24
女,18~25,均匀的,财务会计,3,1,3,3,3,2,3,-1,3,3,2,24
女,18~25,均匀的,学生,3,1,3,3,3,3,3,3,3,3,3,24
女,26~30,均匀的,O,1,2,1,1,2,1,1,-1,1,-2,-2,24
女,26~30,偏胖的,服装,-2,-2,1,2,2,1,-1,-2,-1,-1,1,24
女,26~30,均匀的,教师,2,2,1,3,3,1,3,-1,2,-1,2,24
女,26~30,均匀的,医师,2,1,2,1,2,2,2,-1,3,-1,3,24
女,26~30,偏胖的,医学,3,-1,2,3,2,3,3,-2,2,2,2,24
女,26~30,均匀的,服装,-1,2,-1,-2,-2,1,-2,-1,1,-2,-1,24
女,26~30,均匀的,服装设计,3,2,3,3,3,3,3,-3,2,-3,-3,24
女,26~30,均匀的,纺织研究助理,2,3,3,3,2,2,2,1,3,1,2,24
女,31~40,偏瘦的,(空),1,2,2,1,1,2,1,-3,-3,-3,-3,24
女,31~40,均匀的,(空),2,-1,3,2,2,2,2,-1,3,-2,-1,24
女,31~40,均匀的,教师,-2,2,-1,1,-1,-1,1,1,-2,-1,-1,24
女,31~40,偏胖的,教育,-1,3,2,-1,-2,-2,-2,-2,1,-1,-2,24
男,18~25,均匀的,master of school of architecture,2,2,3,2,1,1,3,-2,-1,1,1,24
男,18~25,偏瘦的,广告,1,1,-1,-1,-2,-2,-1,-3,-1,-2,-3,24
男,18~25,均匀的,学生,1,-1,1,1,1,1,1,1,1,1,1,24
男,18~25,均匀的,学生,1,3,2,1,1,1,2,1,1,1,1,24
男,18~25,均匀的,学生,3,3,2,2,2,1,2,-1,3,-1,2,24
男,18~25,均匀的,学生,3,2,2,1,2,1,3,2,3,3,3,24
男,18岁以下,偏瘦的,本科在校学生,2,-1,2,1,2,2,2,3,3,1,3,24
男,26~30,偏胖的,学生,-2,2,2,2,-2,-2,3,-1,1,1,1,24
男,26~30,均匀的,颜色科学,1,2,2,2,2,2,2,2,2,2,2,24
男,26~30,偏胖的,(空),2,3,2,2,2,2,2,1,1,1,-1,24
男,26~30,偏瘦的,design master,-1,2,3,-2,2,2,-1,-1,3,-2,2,24
男,31~40,偏胖的,工业设计,2,3,3,-1,1,1,2,1,1,1,1,24
男,31~40,偏胖的,教,-1,2,1,2,1,1,1,1,1,1,2,24
男,31~40,偏胖的,(空),2,-1,2,-1,1,1,-2,2,2,-1,1,24
男,31~40,偏胖的,design phd,-1,-2,2,-1,-1,-1,1,-1,1,-2,-3,24
男,31~40,偏胖的,(空),1,-2,2,2,3,-1,2,-1,2,-2,2,24
男,41~50,均匀的,教师,1,1,1,1,-2,-2,-2,1,2,-2,-2,24
女,18~25,偏胖的,行N企,3,-1,2,2,1,1,2,-1,2,1,1,25
女,18~25,偏胖的,O,1,1,-1,1,1,2,-1,-2,1,-3,-3,25
女,18~25,偏瘦的,学生,1,2,-1,1,1,-2,1,2,2,2,2,25
女,18~25,均匀的,财务会计,-2,-1,-2,3,-2,-1,-1,-1,1,-1,2,25
女,18~25,均匀的,学生,1,1,-1,-1,1,1,-2,-3,1,-1,-3,25
女,26~30,均匀的,O,-1,2,-1,-1,1,-1,-1,-1,-1,-3,-2,25
女,26~30,偏胖的,服装,-3,-2,-2,-1,-2,-1,-2,-2,2,-1,-3,25
女,26~30,均匀的,教师,-2,1,-1,-1,-2,-2,-2,1,-2,-2,-2,25
女,26~30,均匀的,医师,-2,1,-1,-2,-2,-1,-2,1,1,-1,1,25
女,26~30,偏胖的,医学,2,2,1,3,3,2,3,-1,2,1,2,25
女,26~30,均匀的,服装,-1,2,-1,-3,-1,1,1,-1,-1,-3,-1,25
女,26~30,均匀的,服装设计,3,1,2,1,2,3,-1,-2,3,-2,-3,25
女,26~30,均匀的,纺织研究助理,1,3,3,2,1,2,1,1,1,1,2,25
女,31~40,偏瘦的,(空),-2,1,-1,-3,-2,1,-2,-3,-3,-3,-3,25
女,31~40,均匀的,(空),3,2,2,1,-3,-2,2,2,3,3,1,25
女,31~40,均匀的,教师,-2,1,1,1,-1,1,-2,1,-1,-1,1,25
女,31~40,偏胖的,教育,3,-2,2,1,3,2,3,1,2,3,3,25
男,18~25,均匀的,master of school of architecture,3,1,3,3,3,1,3,-2,1,-1,3,25
男,18~25,偏瘦的,广告,-1,1,1,-3,-1,-2,-1,-1,-1,-2,-3,25
男,18~25,均匀的,学生,1,1,1,1,1,1,1,2,1,1,1,25
男,18~25,均匀的,学生,-1,-2,-1,-1,1,2,-1,-1,1,-1,-1,25
男,18~25,均匀的,学生,-2,3,1,-2,-3,-3,-2,1,1,1,1,25
男,18~25,均匀的,学生,-2,2,-1,-3,-2,-1,-2,-1,-1,-2,-2,25
男,18岁以下,偏瘦的,本科在校学生,-2,1,1,-1,-1,-1,-1,1,1,-2,-2,25
男,26~30,偏胖的,学生,2,1,1,2,1,-1,3,-1,3,1,3,25
男,26~30,均匀的,颜色科学,1,2,1,1,1,1,1,1,1,1,-1,25
男,26~30,偏胖的,(空),-1,1,1,1,1,2,1,1,-1,1,-1,25
男,26~30,偏瘦的,design master,2,2,2,-2,2,1,1,-2,2,-2,1,25
男,31~40,偏胖的,工业设计,2,3,3,-2,1,2,2,-1,3,-3,-3,25
男,31~40,偏胖的,教,1,2,1,1,-1,1,1,1,1,-2,1,25
男,31~40,偏胖的,(空),3,-2,2,3,3,3,-1,2,2,-1,2,25
男,31~40,偏胖的,design phd,2,-1,2,-1,-3,-3,-1,-1,-1,-2,-3,25
男,31~40,偏胖的,(空),2,-2,1,-2,2,2,1,2,1,1,-2,25
男,41~50,均匀的,教师,-1,1,1,-2,1,-1,-1,-1,2,-3,-2,25
女,18~25,偏胖的,行N企,2,-2,1,-2,-3,-3,2,-2,1,-2,-3,26
女,18~25,偏胖的,O,-2,-2,-2,-3,-2,-2,-2,-3,-2,-2,-3,26
女,18~25,偏瘦的,学生,1,1,1,-3,-2,2,1,-2,-3,-3,-3,26
女,18~25,均匀的,财务会计,1,-3,-1,3,2,2,1,-1,1,-1,1,26
女,18~25,均匀的,学生,-1,-3,-1,3,-2,3,-1,-2,-2,-2,-1,26
女,26~30,均匀的,O,-2,-2,-1,-2,1,-1,-1,1,-1,-3,-3,26
女,26~30,偏胖的,服装,1,-2,-2,-1,-1,1,1,-2,-1,1,-1,26
女,26~30,均匀的,教师,-1,-1,-1,-1,3,2,-1,1,-1,-3,-2,26
女,26~30,均匀的,医师,-2,-2,-1,-1,-1,-1,-2,-1,-2,-3,-2,26
女,26~30,偏胖的,医学,1,-2,2,-2,2,2,-2,-1,2,-1,-3,26
女,26~30,均匀的,服装,1,-2,1,-1,-1,-1,-1,1,-3,-2,-2,26
女,26~30,均匀的,服装设计,-1,-3,-2,-3,-3,-3,-1,1,1,-3,-3,26
女,26~30,均匀的,纺织研究助理,-2,-1,-1,1,1,1,-1,-1,2,1,1,26
女,31~40,偏瘦的,(空),-3,-2,-3,1,-3,-3,-3,2,-1,3,-3,26
女,31~40,均匀的,(空),-2,-2,-1,-2,2,-2,2,3,1,3,3,26
女,31~40,均匀的,教师,-2,-2,-1,-1,-1,1,-1,-1,-2,1,1,26
女,31~40,偏胖的,教育,-2,-2,2,-2,-2,-3,-1,-2,-3,-3,-2,26
男,18~25,均匀的,master of school of architecture,-1,-1,-1,1,-3,-3,1,-2,-2,2,2,26
男,18~25,偏瘦的,广告,-1,1,1,-1,-1,-2,2,1,-3,3,2,26
男,18~25,均匀的,学生,1,-2,2,2,2,1,1,2,1,1,1,26
男,18~25,均匀的,学生,-1,-2,-1,1,1,2,1,1,-1,-1,-1,26
男,18~25,均匀的,学生,1,-2,-1,-1,1,1,-1,-2,-2,-2,-3,26
男,18~25,均匀的,学生,-2,-1,-2,-2,-1,-1,-2,-3,-1,-3,-2,26
男,18岁以下,偏瘦的,本科在校学生,2,-1,2,1,1,2,2,1,2,-2,1,26
男,26~30,偏胖的,学生,3,-1,2,2,-2,-2,3,-1,-2,2,2,26
男,26~30,均匀的,颜色科学,-1,2,-2,-2,-3,-3,-1,-1,-1,-1,-1,26
男,26~30,偏胖的,(空),1,-1,1,2,2,1,-1,1,1,-1,-1,26
男,26~30,偏瘦的,design master,-1,1,2,-2,-1,-3,2,1,2,2,1,26
男,31~40,偏胖的,工业设计,-2,1,-1,-3,-3,-3,-1,1,-3,2,1,26
男,31~40,偏胖的,教,-2,-2,-2,-2,-2,-3,-2,-1,-2,-2,-2,26
男,31~40,偏胖的,(空),1,-3,1,-2,1,-2,2,2,2,2,1,26
男,31~40,偏胖的,design phd,-1,-3,1,-1,1,-1,1,-1,-3,1,-2,26
男,31~40,偏胖的,(空),2,-3,-1,2,-2,-1,2,2,1,2,-1,26
男,41~50,均匀的,教师,-2,1,-2,1,-1,-3,-3,1,-2,2,-3,26
女,18~25,偏胖的,行N企,1,3,-2,-1,1,-2,2,-2,1,-3,-3,27
女,18~25,偏胖的,O,-1,3,-1,-1,1,1,-1,-3,3,-3,-3,27
女,18~25,偏瘦的,学生,1,3,-1,-1,1,1,1,-1,1,-1,-2,27
女,18~25,均匀的,财务会计,-1,1,-2,3,1,-1,-1,1,-1,-2,-1,27
女,18~25,均匀的,学生,-1,3,-1,-1,1,1,-1,-2,-2,-2,-1,27
女,26~30,均匀的,O,1,2,-1,1,2,1,1,-1,-1,1,-3,27
女,26~30,偏胖的,服装,-2,3,1,-1,1,1,-1,-1,2,-1,1,27
女,26~30,均匀的,教师,-1,2,-1,1,1,1,-1,1,-2,-3,-2,27
女,26~30,均匀的,医师,-1,2,-1,1,1,1,-1,1,-1,-1,1,27
女,26~30,偏胖的,医学,-1,2,2,1,-1,2,2,2,-1,1,-1,27
女,26~30,均匀的,服装,-1,1,1,-1,1,1,-1,-1,-1,-1,-1,27
女,26~30,均匀的,服装设计,3,2,1,-3,2,2,1,-3,-1,-3,-3,27
女,26~30,均匀的,纺织研究助理,1,-1,-1,1,1,3,1,-1,-3,-3,-3,27
女,31~40,偏瘦的,(空),2,3,1,2,3,2,2,-3,1,-3,2,27
女,31~40,均匀的,(空),2,2,-2,2,3,3,2,-1,1,-3,-2,27
女,31~40,均匀的,教师,-1,3,-2,-1,-1,1,-1,-1,-1,-2,1,27
女,31~40,偏胖的,教育,2,2,-2,1,3,2,-2,1,1,-2,2,27
男,18~25,均匀的,master of school of architecture,3,1,3,3,3,3,3,1,-2,-2,2,27
男,18~25,偏瘦的,广告,2,1,1,-2,-3,-2,-2,-1,2,-2,-1,27
男,18~25,均匀的,学生,1,-3,1,2,1,1,1,2,1,1,1,27
男,18~25,均匀的,学生,1,3,-1,1,2,1,1,1,-1,1,2,27
男,18~25,均匀的,学生,1,3,-1,3,2,2,2,2,1,2,2,27
男,18~25,均匀的,学生,-1,2,-1,-1,1,-1,-3,1,-2,-3,-3,27
男,18岁以下,偏瘦的,本科在校学生,-1,1,-1,1,1,2,1,1,-1,-2,-1,27
男,26~30,偏胖的,学生,2,1,1,2,2,3,-2,3,3,1,-2,27
男,26~30,均匀的,颜色科学,2,2,-1,3,3,3,3,2,2,2,2,27
男,26~30,偏胖的,(空),1,3,-1,2,1,1,-1,1,-1,-1,-1,27
男,26~30,偏瘦的,design master,2,3,-1,-3,3,1,2,-1,3,-2,-3,27
男,31~40,偏胖的,工业设计,3,3,1,2,3,3,2,1,3,-3,-3,27
男,31~40,偏胖的,教,-2,-2,-1,-1,-1,-2,-2,-1,-2,-1,-1,27
男,31~40,偏胖的,(空),-2,-2,-2,3,3,3,-1,-1,2,-2,-2,27
男,31~40,偏胖的,design phd,-2,3,1,1,2,1,1,-1,3,-2,-3,27
男,31~40,偏胖的,(空),3,1,1,2,-2,2,-1,-1,-2,2,2,27
男,41~50,均匀的,教师,1,2,1,1,-1,2,1,1,2,-2,-2,27
女,18~25,偏胖的,行N企,2,-2,-3,-1,-2,-3,2,-1,1,1,-1,28
女,18~25,偏胖的,O,-3,-2,-2,-2,-1,1,-1,-3,-3,-3,-3,28
女,18~25,偏瘦的,学生,1,3,-1,1,1,1,1,2,-3,2,3,28
女,18~25,均匀的,财务会计,1,1,1,3,2,1,1,1,-1,-1,1,28
女,18~25,均匀的,学生,1,-3,1,1,-1,-1,1,-1,-1,1,-2,28
女,26~30,均匀的,O,-1,-2,-1,1,1,-1,1,-1,-2,-2,-2,28
女,26~30,偏胖的,服装,-1,-2,1,2,1,-1,-2,-2,1,-1,-1,28
女,26~30,均匀的,教师,-1,2,-1,1,1,2,-1,1,-1,-2,-2,28
女,26~30,均匀的,医师,-2,1,-1,-2,-2,-2,-2,-1,-2,-2,-3,28
女,26~30,偏胖的,医学,1,-1,-1,-2,1,1,-1,-1,1,2,2,28
女,26~30,均匀的,服装,1,1,1,1,1,1,1,-1,-3,1,-1,28
女,26~30,均匀的,服装设计,2,2,1,2,2,2,-2,-3,-3,-3,-3,28
女,26~30,均匀的,纺织研究助理,1,-1,1,2,1,1,2,-1,-1,-2,1,28
女,31~40,偏瘦的,(空),-1,3,-2,2,1,1,1,1,1,1,1,28
女,31~40,均匀的,(空),2,-2,-2,1,2,3,1,-1,-2,-2,-3,28
女,31~40,均匀的,教师,1,2,-1,-2,1,-1,1,-1,-2,-2,1,28
女,31~40,偏胖的,教育,3,-2,-2,3,3,-1,3,2,-1,3,3,28
男,18~25,均匀的,master of school of architecture,3,-2,3,3,2,-1,3,2,-2,2,3,28
男,18~25,偏瘦的,广告,-2,-1,-1,3,-3,-3,-1,2,-3,3,1,28
男,18~25,均匀的,学生,1,-1,2,1,1,1,1,1,1,1,1,28
男,18~25,均匀的,学生,1,-2,1,1,1,1,1,1,-1,-1,1,28
男,18~25,均匀的,学生,-1,3,-1,-2,1,-1,-1,1,-1,1,-2,28
男,18~25,均匀的,学生,1,2,-1,1,1,1,2,1,-1,-1,1,28
男,18岁以下,偏瘦的,本科在校学生,-2,-2,1,-1,-1,-1,-2,1,-2,-2,-1,28
男,26~30,偏胖的,学生,2,1,1,2,2,-1,2,2,-1,2,-1,28
男,26~30,均匀的,颜色科学,3,2,-3,3,3,3,3,3,-2,3,3,28
男,26~30,偏胖的,(空),-1,1,1,1,1,-1,-1,1,-1,-3,-3,28
男,26~30,偏瘦的,design master,2,2,-2,2,3,-1,2,1,-1,3,3,28
男,31~40,偏胖的,工业设计,1,2,-1,-1,-1,-2,-1,1,-1,1,1,28
男,31~40,偏胖的,教,1,-2,2,3,3,3,2,2,1,1,2,28
男,31~40,偏胖的,(空),-1,-2,-2,1,2,1,2,2,1,1,2,28
男,31~40,偏胖的,design phd,-2,1,-2,-1,-1,-1,-1,-2,-2,1,-3,28
男,31~40,偏胖的,(空),3,-2,1,3,1,-2,2,-1,2,-2,-1,28
男,41~50,均匀的,教师,1,2,-1,1,-1,-2,-1,1,2,-2,-1,28
女,18~25,偏胖的,行N企,2,3,-2,2,1,-1,2,-2,3,-2,-2,29
女,18~25,偏胖的,O,-1,2,1,-3,-1,3,-3,-3,3,-3,-3,29
女,18~25,偏瘦的,学生,1,3,1,-1,1,1,1,-1,-2,-2,-2,29
女,18~25,均匀的,财务会计,1,1,1,3,1,-1,1,-1,-1,-1,-2,29
女,18~25,均匀的,学生,1,3,2,1,2,3,3,-1,-1,1,-1,29
女,26~30,均匀的,O,-1,-2,1,-1,1,1,-1,-1,1,-3,-3,29
女,26~30,偏胖的,服装,3,3,2,1,2,-1,1,2,1,2,2,29
女,26~30,均匀的,教师,-1,2,-1,1,1,1,-1,1,-2,-2,-2,29
女,26~30,均匀的,医师,-2,3,-1,-2,-2,-2,-2,-1,-2,-2,-2,29
女,26~30,偏胖的,医学,-1,3,2,1,-1,2,1,1,-1,1,-2,29
女,26~30,均匀的,服装,-1,2,-1,-2,1,2,-1,-3,3,-3,-3,29
女,26~30,均匀的,服装设计,1,2,-1,-3,1,3,-1,-3,3,-3,-3,29
女,26~30,均匀的,纺织研究助理,2,2,2,2,1,1,2,-3,-1,-2,-1,29
女,31~40,偏瘦的,(空),1,3,1,1,2,2,1,-3,-3,-3,-3,29
女,31~40,均匀的,(空),1,-1,-1,1,2,2,1,-1,1,-3,-2,29
女,31~40,均匀的,教师,1,2,-2,-2,-1,1,-2,-2,-1,1,-1,29
女,31~40,偏胖的,教育,1,-2,1,-1,2,3,-2,-1,3,-2,-3,29
男,18~25,均匀的,master of school of architecture,3,2,3,3,3,2,3,1,1,-1,2,29
男,18~25,偏瘦的,广告,1,1,-2,-3,-3,-3,-2,-3,1,-3,-3,29
男,18~25,均匀的,学生,1,1,1,1,1,1,1,1,1,1,1,29
男,18~25,均匀的,学生,-1,3,1,-1,1,-1,1,-1,-1,-1,-1,29
男,18~25,均匀的,学生,-1,3,-2,-1,-1,-1,-1,-1,-1,-1,-2,29
男,18~25,均匀的,学生,2,3,-1,-1,-2,-1,1,1,-1,-1,-1,29
男,18岁以下,偏瘦的,本科在校学生,-2,-1,-1,-2,-2,-1,-1,1,-1,-3,-2,29
男,26~30,偏胖的,学生,1,2,1,1,-2,-2,-1,1,2,-2,-1,29
男,26~30,均匀的,颜色科学,2,3,1,3,2,2,2,2,2,1,2,29
男,26~30,偏胖的,(空),1,2,1,1,1,-1,-1,1,-1,-3,-3,29
男,26~30,偏瘦的,design master,2,2,2,-2,3,2,-1,1,3,-2,-3,29
男,31~40,偏胖的,工业设计,3,3,1,-2,2,2,1,1,3,-3,-3,29
男,31~40,偏胖的,教,2,-2,1,2,1,2,2,2,1,-1,-1,29
男,31~40,偏胖的,(空),3,-2,3,3,3,3,-2,2,2,-2,2,29
男,31~40,偏胖的,design phd,2,2,2,-1,-1,1,-1,1,3,-3,-3,29
男,31~40,偏胖的,(空),3,2,3,3,1,2,2,-2,3,-3,-2,29
男,41~50,均匀的,教师,1,3,1,-1,1,1,1,1,2,-1,-2,29
女,18~25,偏胖的,行N企,3,-2,-1,1,-3,-3,1,-1,3,-1,-1,30
女,18~25,偏胖的,O,1,-2,1,-1,1,2,1,-3,3,-3,-3,30
女,18~25,偏瘦的,学生,1,2,1,1,1,1,2,-1,1,-2,-2,30
女,18~25,均匀的,财务会计,-2,-2,-1,3,1,-3,-1,-1,-1,-2,-1,30
女,18~25,均匀的,学生,1,-3,-1,1,-1,1,1,1,-2,1,-1,30
女,26~30,均匀的,O,1,-2,1,1,3,1,1,1,1,-1,1,30
女,26~30,偏胖的,服装,-2,-2,-1,2,-2,2,1,-1,2,-2,1,30
女,26~30,均匀的,教师,-1,1,1,-1,-1,-1,-1,1,-2,-1,-2,30
女,26~30,均匀的,医师,-2,-1,-2,-2,-2,-2,-2,1,-2,-1,-2,30
女,26~30,偏胖的,医学,-1,-1,-2,2,1,2,1,-2,-1,-2,-2,30
女,26~30,均匀的,服装,1,-1,1,-1,-1,1,1,-1,1,-2,-1,30
女,26~30,均匀的,服装设计,3,1,2,3,-2,1,3,1,3,1,-1,30
女,26~30,均匀的,纺织研究助理,1,1,3,2,1,2,2,-1,-2,-2,-1,30
女,31~40,偏瘦的,(空),-1,3,1,-3,-1,1,-1,1,-3,-3,-3,30
女,31~40,均匀的,(空),2,-2,1,1,-3,-3,1,2,1,2,3,30
女,31~40,均匀的,教师,-1,-2,1,-1,-1,-1,-1,-1,-2,-2,1,30
女,31~40,偏胖的,教育,2,-2,2,1,2,-2,2,1,3,3,3,30
男,18~25,均匀的,master of school of architecture,3,-1,3,1,1,-1,3,-1,-2,2,3,30
男,18~25,偏瘦的,广告,1,-1,1,2,1,-1,2,2,-2,3,2,30
男,18~25,均匀的,学生,1,-1,1,1,1,1,1,1,1,1,1,30
男,18~25,均匀的,学生,-1,-2,1,-1,-1,-1,1,-1,-1,1,1,30
男,18~25,均匀的,学生,-2,1,-1,-2,-2,-2,-2,3,-2,3,3,30
男,18~25,均匀的,学生,-1,-1,-1,-3,1,-2,-1,-1,-1,-1,-1,30
男,18岁以下,偏瘦的,本科在校学生,-2,1,-1,-3,-1,-2,-1,1,-2,-3,-2,30
男,26~30,偏胖的,学生,-1,-1,2,-3,-1,-2,2,-1,3,-1,-3,30
男,26~30,均匀的,颜色科学,-2,2,-2,-2,-2,-2,-1,-2,-2,-2,-2,30
男,26~30,偏胖的,(空),-1,1,1,1,1,-1,-1,1,-1,-2,-2,30
男,26~30,偏瘦的,design master,3,1,3,2,3,3,3,-2,2,-2,1,30
男,31~40,偏胖的,工业设计,-1,2,1,-3,-2,-3,-1,-1,1,-1,-2,30
男,31~40,偏胖的,教,-1,-2,-1,1,-1,-2,-2,-2,-2,-2,-2,30
男,31~40,偏胖的,(空),1,-3,1,-2,-1,-1,1,2,2,2,-1,30
男,31~40,偏胖的,design phd,1,-2,1,-1,-2,-1,1,-1,2,-1,-2,30
男,31~40,偏胖的,(空),1,-3,2,-1,1,1,-2,1,-2,2,1,30
男,41~50,均匀的,教师,1,-1,2,1,1,1,1,1,2,2,-1,30
女,18~25,偏胖的,行N企,3,-3,-2,3,2,-3,3,-2,1,3,3,31
女,18~25,偏胖的,O,3,-3,-1,3,2,2,3,2,3,3,3,31
女,18~25,偏瘦的,学生,2,2,1,1,1,2,2,-1,-2,-2,2,31
女,18~25,均匀的,财务会计,2,-3,3,3,2,2,3,-1,3,1,3,31
女,18~25,均匀的,学生,2,-3,2,2,1,1,-1,1,3,1,3,31
女,26~30,均匀的,O,1,-2,-1,3,-3,-3,3,-1,1,3,3,31
女,26~30,偏胖的,服装,2,-1,2,1,2,2,1,3,2,3,1,31
女,26~30,均匀的,教师,2,-1,1,2,2,2,2,-1,3,1,1,31
女,26~30,均匀的,医师,2,-1,2,2,2,2,2,-2,2,-2,2,31
女,26~30,偏胖的,医学,-1,2,-1,2,1,-1,1,-2,2,-1,-2,31
女,26~30,均匀的,服装,-1,-1,-2,-1,-1,-2,-1,-2,1,-1,-2,31
女,26~30,均匀的,服装设计,2,-3,1,3,1,-3,2,-2,1,2,-3,31
女,26~30,均匀的,纺织研究助理,1,-3,-1,1,-2,-2,-1,-1,-2,2,-1,31
女,31~40,偏瘦的,(空),2,1,-1,2,-2,-3,2,-3,-1,3,-1,31
女,31~40,均匀的,(空),2,-2,-2,2,3,2,3,1,1,3,3,31
女,31~40,均匀的,教师,1,-2,-1,-2,1,-1,-2,-1,-2,1,1,31
女,31~40,偏胖的,教育,2,-2,-2,2,3,-2,2,2,2,3,2,31
男,18~25,均匀的,master of school of architecture,3,-3,-1,3,1,-3,3,-2,-3,3,1,31
男,18~25,偏瘦的,广告,3,1,3,3,-3,-3,3,3,-1,3,3,31
男,18~25,均匀的,学生,1,1,1,1,1,1,1,1,1,1,1,31
男,18~25,均匀的,学生,2,-3,1,1,2,1,2,1,1,1,1,31
男,18~25,均匀的,学生,2,-1,3,2,3,2,3,2,1,1,1,31
男,18~25,均匀的,学生,2,-2,2,1,2,2,1,1,3,1,1,31
男,18岁以下,偏瘦的,本科在校学生,3,-1,3,2,2,3,2,2,2,-1,3,31
男,26~30,偏胖的,学生,1,1,-1,3,3,1,2,-2,-2,3,2,31
男,26~30,均匀的,颜色科学,1,-1,-1,-1,-3,-2,1,1,-2,1,2,31
男,26~30,偏胖的,(空),2,-1,3,2,2,2,2,1,1,1,-1,31
男,26~30,偏瘦的,design master,3,-1,-3,2,1,-3,-1,-2,-1,3,1,31
男,31~40,偏胖的,工业设计,-1,2,-1,-1,-1,-2,1,-1,-3,3,3,31
男,31~40,偏胖的,教,-2,-2,-1,-2,-2,-2,-1,-2,-2,-2,-2,31
男,31~40,偏胖的,(空),3,-3,1,2,1,-3,3,2,1,3,3,31
男,31~40,偏胖的,design phd,-1,-3,-1,1,-1,-1,-1,1,-2,2,-2,31
男,31~40,偏胖的,(空),1,-3,2,-2,-1,-1,2,-1,1,2,2,31
男,41~50,均匀的,教师,-2,-2,-2,2,-2,-2,-2,1,1,-2,-2,31
女,18~25,偏胖的,行N企,1,1,-2,-1,-2,-3,1,-1,1,-2,-2,32
女,18~25,偏胖的,O,-1,1,-3,1,1,1,-3,-3,-3,-3,-3,32
女,18~25,偏瘦的,学生,1,-1,1,-3,-2,2,2,-2,-3,-3,-3,32
女,18~25,均匀的,财务会计,1,-2,-1,1,1,2,-1,-1,2,-1,-2,32
女,18~25,均匀的,学生,-1,-2,-1,2,-1,1,1,1,-1,-1,-1,32
女,26~30,均匀的,O,1,-2,-1,1,2,1,1,-1,-1,-1,1,32
女,26~30,偏胖的,服装,-2,-3,1,1,-1,1,-2,1,2,-2,-2,32
女,26~30,均匀的,教师,1,1,1,1,2,2,1,-1,2,-3,-2,32
女,26~30,均匀的,医师,-1,-1,2,-2,-1,-1,-1,-1,2,-2,-1,32
女,26~30,偏胖的,医学,-1,-1,1,-2,-1,1,1,-1,1,1,-2,32
女,26~30,均匀的,服装,-1,-1,-1,-1,-2,-1,-1,-2,-1,-1,-1,32
女,26~30,均匀的,服装设计,2,-2,1,3,3,2,3,-2,-3,-3,-3,32
女,26~30,均匀的,纺织研究助理,1,-2,2,1,1,2,2,-2,-1,-2,-1,32
女,31~40,偏瘦的,(空),-3,2,-2,-2,-1,-1,-3,2,-3,-3,-3,32
女,31~40,均匀的,(空),-1,-2,-2,1,-1,1,-1,1,-2,-3,-3,32
女,31~40,均匀的,教师,-2,-2,-1,-1,-1,-2,1,-1,1,1,-2,32
女,31~40,偏胖的,教育,1,3,-2,2,2,2,3,2,-1,1,2,32
男,18~25,均匀的,master of school of architecture,-1,2,-1,2,2,1,-1,2,-2,-3,-1,32
男,18~25,偏瘦的,广告,-1,1,-1,2,1,-1,1,3,1,3,2,32
男,18~25,均匀的,学生,1,-2,1,1,1,1,1,1,1,1,1,32
男,18~25,均匀的,学生,-1,3,1,1,1,2,-1,-1,1,-1,-1,32
男,18~25,均匀的,学生,2,-1,2,2,2,2,1,1,2,2,2,32
男,18~25,均匀的,学生,-2,-2,1,-2,-1,-1,-1,-1,2,-2,-1,32
男,18岁以下,偏瘦的,本科在校学生,-2,1,1,1,-2,2,1,-2,2,-2,-2,32
男,26~30,偏胖的,学生,1,2,-1,2,2,2,1,1,1,1,1,32
男,26~30,均匀的,颜色科学,-1,1,-1,-1,1,1,1,-1,1,-1,-1,32
男,26~30,偏胖的,(空),2,2,2,1,2,2,1,1,-1,1,-1,32
男,26~30,偏瘦的,design master,2,1,-2,2,3,1,3,-1,2,1,2,32
男,31~40,偏胖的,工业设计,-2,2,-1,-1,-1,-1,-1,1,3,-3,-3,32
男,31~40,偏胖的,教,-1,-2,-2,-2,-2,-2,-2,-1,-1,-1,-1,32
男,31~40,偏胖的,(空),-1,-3,-1,1,1,1,-1,-1,1,-1,-2,32
男,31~40,偏胖的,design phd,1,-2,1,1,1,-1,1,1,2,-2,-2,32
男,31~40,偏胖的,(空),3,2,2,2,3,-1,2,-1,2,1,1,32
男,41~50,均匀的,教师,-1,1,-2,1,-2,-2,-1,-1,-1,1,-2,32
女,18~25,偏胖的,行N企,-3,-2,-1,-2,-3,-2,-2,-2,-1,-2,-3,33
女,18~25,偏胖的,O,-3,-1,-2,-3,-2,-2,-2,-2,-3,-3,-3,33
女,18~25,偏瘦的,学生,1,-2,-1,-2,-2,2,-1,-2,2,-2,-2,33
女,18~25,均匀的,财务会计,1,-3,1,3,1,1,1,2,2,1,2,33
女,18~25,均匀的,学生,1,-2,1,1,-1,-1,1,-1,2,-1,1,33
女,26~30,均匀的,O,-1,-3,-1,-1,1,-1,-1,-1,-2,-2,-1,33
女,26~30,偏胖的,服装,-1,-3,1,-1,-1,-2,-1,-2,1,-2,-3,33
女,26~30,均匀的,教师,-1,-2,1,-1,1,1,-1,-1,1,-2,-1,33
女,26~30,均匀的,医师,-1,-2,1,-1,1,-1,-1,1,1,-1,1,33
女,26~30,偏胖的,医学,1,-2,-1,-1,-1,1,1,-1,-1,-1,1,33
女,26~30,均匀的,服装,-3,-2,-1,-2,-2,-2,-2,-2,-2,-2,-3,33
女,26~30,均匀的,服装设计,-3,-3,-3,-1,-3,-3,-1,-1,-3,-3,-3,33
女,26~30,均匀的,纺织研究助理,1,-1,2,2,1,1,-1,-1,-1,-2,-1,33
女,31~40,偏瘦的,(空),-3,1,-3,1,-3,-3,-3,2,-3,3,-3,33
女,31~40,均匀的,(空),-2,-3,-1,-3,-3,-3,1,3,-1,3,1,33
女,31~40,均匀的,教师,1,-2,-1,-1,-2,1,-1,-1,1,-1,-1,33
女,31~40,偏胖的,教育,-2,-3,2,-1,1,-2,2,-2,1,-3,-2,33
男,18~25,均匀的,master of school of architecture,-1,-2,-1,-2,-2,-3,-1,-1,-3,1,-1,33
男,18~25,偏瘦的,广告,1,1,-1,-2,1,-2,-1,2,1,-1,1,33
男,18~25,均匀的,学生,1,-3,1,1,1,1,1,1,1,1,1,33
男,18~25,均匀的,学生,-1,-3,1,1,-1,-1,-1,-1,1,-1,-1,33
男,18~25,均匀的,学生,1,-3,2,1,-1,-1,-1,-2,1,-1,-1,33
男,18~25,均匀的,学生,-2,-2,1,-1,-2,-2,-1,-2,-1,-2,-2,33
男,18岁以下,偏瘦的,本科在校学生,-1,-2,-1,-2,-1,-1,-2,1,2,-2,-2,33
男,26~30,偏胖的,学生,-3,1,1,-3,-2,-2,2,1,-3,-1,-2,33
男,26~30,均匀的,颜色科学,-3,-1,-1,-3,-3,-3,-1,1,-1,-3,1,33
男,26~30,偏胖的,(空),1,-1,3,1,1,2,1,1,1,-1,-1,33
男,26~30,偏瘦的,design master,1,-2,2,-3,1,-2,2,1,3,-2,-3,33
男,31~40,偏胖的,工业设计,-3,-1,-2,-2,-2,-3,-2,2,-1,2,2,33
男,31~40,偏胖的,教,-2,-2,-2,-2,-2,1,-1,-1,-1,-2,-2,33
男,31~40,偏胖的,(空),1,-3,1,-2,-1,-2,1,-1,-1,2,-2,33
男,31~40,偏胖的,design phd,1,-3,1,-2,-1,-1,1,1,-1,1,-1,33
男,31~40,偏胖的,(空),-1,-3,2,3,2,-2,-1,-1,1,2,2,33
男,41~50,均匀的,教师,-2,-1,-2,-1,-2,-2,-3,-1,-3,-3,-1,33
女,18~25,偏胖的,行N企,-3,-3,-2,-2,-3,-2,-1,1,1,-3,-1,34
女,18~25,偏胖的,O,-1,-2,-2,1,-1,-1,1,1,-1,1,2,34
女,18~25,偏瘦的,学生,1,-3,-1,1,2,2,2,-1,-3,-1,2,34
女,18~25,均匀的,财务会计,-1,-3,-1,3,2,1,1,-1,1,-1,1,34
女,18~25,均匀的,学生,1,-3,-2,-1,-2,1,-1,-1,-2,1,-1,34
女,26~30,均匀的,O,-1,-3,-1,1,-3,-3,-1,3,-1,3,3,34
女,26~30,偏胖的,服装,-2,-3,-1,2,2,1,1,-2,-1,-3,-2,34
女,26~30,均匀的,教师,-3,-3,-1,-3,2,2,-2,1,-1,-3,-3,34
女,26~30,均匀的,医师,-2,-3,-2,-1,-2,-2,-2,1,-2,-3,-2,34
女,26~30,偏胖的,医学,-2,-2,-2,-2,-1,-2,-1,-2,-1,-1,-3,34
女,26~30,均匀的,服装,-1,-2,-1,-2,-2,-2,-2,-1,-1,-2,-1,34
女,26~30,均匀的,服装设计,2,-3,-1,1,1,1,1,2,1,2,-3,34
女,26~30,均匀的,纺织研究助理,-1,-3,2,2,2,1,1,1,-1,1,1,34
女,31~40,偏瘦的,(空),-3,1,-3,1,-3,-3,-3,3,-3,3,-3,34
女,31~40,均匀的,(空),-1,-3,-2,-3,1,-1,-1,-2,-2,-2,-2,34
女,31~40,均匀的,教师,1,-3,-1,-1,-2,-2,-1,1,-2,-1,2,34
女,31~40,偏胖的,教育,-1,-2,-1,1,1,-1,-1,2,-1,2,1,34
男,18~25,均匀的,master of school of architecture,-1,-3,-1,1,3,-1,-1,2,-2,2,2,34
男,18~25,偏瘦的,广告,-1,1,2,3,-3,1,2,3,-1,3,3,34
男,18~25,均匀的,学生,1,-2,1,1,1,1,1,1,1,1,1,34
男,18~25,均匀的,学生,-1,-2,-1,1,1,2,-1,1,-1,1,-1,34
男,18~25,均匀的,学生,1,-3,1,-1,1,1,-1,-2,2,-1,-2,34
男,18~25,均匀的,学生,-3,-2,-3,-3,-2,-2,-3,-3,-2,-3,-3,34
男,18岁以下,偏瘦的,本科在校学生,-2,1,-1,1,2,3,-1,2,2,-2,-2,34
男,26~30,偏胖的,学生,-2,-2,2,1,-1,-2,2,-1,-1,2,-1,34
男,26~30,均匀的,颜色科学,-1,-1,-1,-2,1,-1,1,1,-1,-1,-1,34
男,26~30,偏胖的,(空),-1,-2,-1,1,1,1,1,1,1,-1,-1,34
男,26~30,偏瘦的,design master,-2,-2,2,-3,-1,-1,-1,2,2,-1,-1,34
男,31~40,偏胖的,工业设计,-2,-2,-2,1,-2,-2,-1,2,-3,3,3,34
男,31~40,偏胖的,教,-2,-2,-2,-2,-2,-2,-3,-2,-2,-1,-2,34
男,31~40,偏胖的,(空),-2,-3,-2,-2,-1,-2,2,-1,-2,2,2,34
男,31~40,偏胖的,design phd,-1,-2,-1,1,-1,-1,-1,1,1,-1,-1,34
男,31~40,偏胖的,(空),-3,-3,-2,2,-2,-1,-2,2,-3,1,3,34
男,41~50,均匀的,教师,-1,-2,-2,1,-3,-3,-2,-1,-2,2,1,34
女,18~25,偏胖的,行N企,-3,-3,-3,-3,-2,-3,1,2,1,-2,-2,35
女,18~25,偏胖的,O,-2,-3,-2,-1,-2,-2,-2,-1,-3,-1,-1,35
女,18~25,偏瘦的,学生,1,-3,-2,1,1,-1,1,2,-3,2,3,35
女,18~25,均匀的,财务会计,-2,-3,-2,3,2,1,1,1,1,-2,-1,35
女,18~25,均匀的,学生,1,-3,-2,-1,1,-2,-2,1,1,1,1,35
女,26~30,均匀的,O,-3,-3,-3,1,-3,-3,-3,3,-1,2,1,35
女,26~30,偏胖的,服装,-2,-3,-1,1,1,-1,-2,1,-1,-2,1,35
女,26~30,均匀的,教师,-2,-2,-1,-2,-1,-1,-2,1,-3,1,-1,35
女,26~30,均匀的,医师,-1,-3,-1,1,1,-1,1,2,-1,2,1,35
女,26~30,偏胖的,医学,-1,-2,1,-1,-1,-1,-1,1,-1,-1,-1,35
女,26~30,均匀的,服装,-3,-3,-1,-3,-3,-3,-3,1,-3,-3,-3,35
女,26~30,均匀的,服装设计,-2,-3,-1,2,2,-2,1,2,-3,1,2,35
女,26~30,均匀的,纺织研究助理,-2,-3,-1,1,1,-1,-2,2,1,2,-1,35
女,31~40,偏瘦的,(空),-3,-1,-3,2,-3,-3,-3,3,-3,3,-3,35
女,31~40,均匀的,(空),-2,-3,-2,-3,-2,-2,1,3,-1,3,3,35
女,31~40,均匀的,教师,-1,-3,1,2,-1,1,-1,1,-2,-1,1,35
女,31~40,偏胖的,教育,-3,-2,-1,-2,-3,-3,-2,2,-2,1,-2,35
男,18~25,均匀的,master of school of architecture,-1,-3,-1,3,3,-3,-1,3,-1,3,3,35
男,18~25,偏瘦的,广告,-1,1,1,3,1,-2,2,1,-3,3,2,35
男,18~25,均匀的,学生,1,-1,1,1,1,1,1,1,1,1,1,35
男,18~25,均匀的,学生,-1,-2,-1,-1,1,1,-1,1,-1,1,1,35
男,18~25,均匀的,学生,1,-3,-1,2,1,1,2,1,-1,2,2,35
男,18~25,均匀的,学生,-3,1,-3,-2,1,-1,-2,-2,-1,-2,-2,35
男,18岁以下,偏瘦的,本科在校学生,1,-1,1,1,1,-1,1,2,-2,-2,1,35
男,26~30,偏胖的,学生,-3,-1,1,1,-2,-2,2,2,-2,1,2,35
男,26~30,均匀的,颜色科学,-1,-1,-1,-2,-3,-3,-1,2,-2,2,2,35
男,26~30,偏胖的,(空),-1,-3,-1,1,-1,-1,-1,1,-1,1,-1,35
男,26~30,偏瘦的,design master,-3,-2,1,-1,-3,-2,-3,2,-1,-1,1,35
男,31~40,偏胖的,工业设计,-3,-3,-2,2,-3,-3,-2,3,-3,3,3,35
男,31~40,偏胖的,教,1,-2,-2,-2,-2,-1,-1,-2,-2,-2,-2,35
男,31~40,偏胖的,(空),-2,-3,-1,-2,-1,-2,2,-1,-1,2,-2,35
男,31~40,偏胖的,design phd,-1,-3,-1,2,1,1,-1,1,-1,1,1,35
男,31~40,偏胖的,(空),-2,-3,-3,2,1,-2,-2,-1,-2,-1,-2,35
男,41~50,均匀的,教师,-3,-3,-1,1,-2,-2,-2,-1,-2,1,1,35
女,18~25,偏胖的,行N企,-3,-3,-2,-2,-2,-3,2,2,1,1,2,36
女,18~25,偏胖的,O,-3,-2,-2,-3,-2,-3,-2,-2,-3,-3,-3,36
女,18~25,偏瘦的,学生,-1,-3,-2,1,2,1,2,1,-2,1,2,36
女,18~25,均匀的,财务会计,1,-3,1,3,2,1,1,1,1,-1,-1,36
女,18~25,均匀的,学生,-2,-3,1,-1,-1,-1,-1,-2,1,-1,-2,36
女,26~30,均匀的,O,-2,-3,-2,-1,-2,-2,-3,1,-3,1,-3,36
女,26~30,偏胖的,服装,-2,-3,-1,1,-1,-2,-2,-1,-2,-2,-2,36
女,26~30,均匀的,教师,-2,-3,-1,-2,1,1,-2,1,-2,-2,-2,36
女,26~30,均匀的,医师,-2,-3,-2,-2,-2,-2,-2,1,-2,-2,-2,36
女,26~30,偏胖的,医学,2,-2,1,2,2,2,2,1,2,3,2,36
女,26~30,均匀的,服装,-3,-3,-1,-3,-3,-3,-3,1,-3,-3,-3,36
女,26~30,均匀的,服装设计,1,-3,1,-1,1,1,-1,-1,-2,-3,-3,36
女,26~30,均匀的,纺织研究助理,-1,-2,1,-1,1,-1,-1,2,-1,1,-2,36
女,31~40,偏瘦的,(空),-3,-2,-3,-3,-3,-3,-3,3,-3,3,-3,36
女,31~40,均匀的,(空),-2,-3,2,-3,-3,-3,-1,3,1,3,3,36
女,31~40,均匀的,教师,1,-3,1,2,-2,1,-1,1,-1,-2,-2,36
女,31~40,偏胖的,教育,1,-2,-1,-2,-2,-2,-1,1,-2,-2,-3,36
男,18~25,均匀的,master of school of architecture,-1,-2,-1,-2,3,-3,1,2,-1,3,2,36
男,18~25,偏瘦的,广告,-1,1,1,3,-1,-2,-2,1,-3,3,2,36
男,18~25,均匀的,学生,1,-1,1,1,1,1,1,1,1,1,1,36
男,18~25,均匀的,学生,-1,-2,1,-1,1,-1,1,1,-1,1,1,36
男,18~25,均匀的,学生,-2,-2,-2,-1,-2,-2,-2,3,2,3,3,36
男,18~25,均匀的,学生,-3,-3,-2,-1,-3,-3,-1,-2,-2,-3,-2,36
男,18岁以下,偏瘦的,本科在校学生,-2,-3,-1,-2,-1,-1,-2,1,-2,1,1,36
男,26~30,偏胖的,学生,3,-1,3,1,3,3,3,1,-1,3,3,36
男,26~30,均匀的,颜色科学,-1,-1,-1,-2,-2,-1,1,1,-1,1,-1,36
男,26~30,偏胖的,(空),-1,-1,-1,1,1,-1,-1,1,-1,-3,-3,36
男,26~30,偏瘦的,design master,-2,-1,-1,1,1,-2,-1,1,-1,2,1,36
男,31~40,偏胖的,工业设计,-3,-3,-2,1,-3,-3,-1,3,-3,3,3,36
男,31~40,偏胖的,教,-2,-2,-1,-2,-2,-2,-1,-2,-1,-1,-2,36
男,31~40,偏胖的,(空),-2,-3,-2,-2,-2,-2,-2,-1,-2,2,-2,36
男,31~40,偏胖的,design phd,-1,-2,-1,-1,-1,-1,-1,1,-2,1,-2,36
男,31~40,偏胖的,(空),-2,2,2,-2,-3,2,1,-1,-3,-3,-3,36
男,41~50,均匀的,教师,-2,-2,-2,-1,-3,-3,-2,-1,-2,-2,-1,36
女,18~25,偏胖的,行N企,2,-2,1,1,1,-3,3,-1,1,2,2,37
女,18~25,偏胖的,O,-3,-3,-3,-3,-2,-2,-2,-1,-3,-2,-3,37
女,18~25,偏瘦的,学生,1,-2,-1,-1,1,1,-1,1,-2,-1,1,37
女,18~25,均匀的,财务会计,1,-3,1,3,2,1,2,1,1,-2,1,37
女,18~25,均匀的,学生,-2,-3,1,-1,-2,-2,1,-2,1,-1,1,37
女,26~30,均匀的,O,-1,-3,-1,-1,-1,-1,-1,-1,-1,-2,-2,37
女,26~30,偏胖的,服装,2,-2,1,3,2,1,2,3,2,3,2,37
女,26~30,均匀的,教师,-2,-1,1,-1,2,1,-2,1,-2,-2,-3,37
女,26~30,均匀的,医师,-3,-2,-2,-3,-2,-2,-2,1,-2,-1,-2,37
女,26~30,偏胖的,医学,1,-1,2,-1,1,1,1,1,-1,1,1,37
女,26~30,均匀的,服装,-1,-2,1,-3,-2,-3,1,-1,-3,-2,-1,37
女,26~30,均匀的,服装设计,2,-3,-1,-2,-1,-2,2,-3,-1,-3,-3,37
女,26~30,均匀的,纺织研究助理,-2,-1,-2,-3,-2,-2,-2,-2,-3,-2,-3,37
女,31~40,偏瘦的,(空),-2,-1,-2,-2,-2,-3,-1,1,-2,2,-3,37
女,31~40,均匀的,(空),3,-3,-2,-2,-1,-2,1,2,1,3,3,37
女,31~40,均匀的,教师,-2,-2,1,1,-1,-2,1,1,-1,-1,-2,37
女,31~40,偏胖的,教育,2,-3,1,-2,1,-3,1,1,1,-3,-2,37
男,18~25,均匀的,master of school of architecture,-1,-2,-1,1,3,-3,1,3,-1,3,2,37
男,18~25,偏瘦的,广告,-2,1,-1,3,-2,-2,-3,3,-1,3,1,37
男,18~25,均匀的,学生,1,-1,1,1,1,1,1,1,1,1,1,37
男,18~25,均匀的,学生,-1,-3,1,-1,1,1,1,1,-1,1,1,37
男,18~25,均匀的,学生,-1,-1,-1,-2,-1,-2,1,2,1,2,2,37
男,18~25,均匀的,学生,-2,-3,-1,-2,-1,-2,-2,-1,-1,-2,-1,37
男,18岁以下,偏瘦的,本科在校学生,-1,-2,-1,-1,-1,-1,-1,1,-2,1,1,37
男,26~30,偏胖的,学生,1,-1,2,3,3,3,2,-1,2,2,2,37
男,26~30,均匀的,颜色科学,1,-1,-1,-2,-3,-3,-1,1,-1,1,-1,37
男,26~30,偏胖的,(空),-1,-2,-1,1,1,-1,-1,1,-1,-2,-3,37
男,26~30,偏瘦的,design master,2,-1,1,1,-1,-2,3,-1,-1,3,2,37
男,31~40,偏胖的,工业设计,1,2,1,-1,-1,-2,1,-1,-2,3,3,37
男,31~40,偏胖的,教,-2,-2,-2,-2,-2,-2,-1,-1,-2,-2,-1,37
男,31~40,偏胖的,(空),1,-3,1,-1,-2,-2,3,2,-1,2,2,37
男,31~40,偏胖的,design phd,-1,-3,-1,-1,-1,-1,-1,-1,-1,1,-1,37
男,31~40,偏胖的,(空),1,-3,2,-1,2,2,2,2,-1,2,-1,37
男,41~50,均匀的,教师,-2,-1,-1,-2,-2,-3,-1,1,-2,2,-2,37
女,18~25,偏胖的,行N企,-3,-3,-3,-3,-2,-3,-3,2,1,2,3,38
女,18~25,偏胖的,O,-2,-2,-2,2,-1,-1,-2,2,-1,2,2,38
女,18~25,偏瘦的,学生,2,-3,1,1,2,-1,2,1,3,1,2,38
女,18~25,均匀的,财务会计,1,-3,3,3,2,1,3,2,3,1,3,38
女,18~25,均匀的,学生,-2,-3,1,-1,1,1,-2,-2,-1,1,-1,38
女,26~30,均匀的,O,-3,-3,-3,2,3,-3,-3,3,-1,3,3,38
女,26~30,偏胖的,服装,-2,-3,-1,1,1,1,1,2,-2,2,-2,38
女,26~30,均匀的,教师,-1,-2,1,3,1,1,1,-1,2,1,2,38
女,26~30,均匀的,医师,-1,-3,-1,-1,-1,-1,-1,1,-1,-2,-1,38
女,26~30,偏胖的,医学,1,-1,2,-1,1,1,1,-1,2,1,1,38
女,26~30,均匀的,服装,-2,-3,2,-2,-2,-2,-2,1,-3,-2,-2,38
女,26~30,均匀的,服装设计,-3,-3,-2,3,-3,-2,-2,3,3,-1,-3,38
女,26~30,均匀的,纺织研究助理,-1,-3,-1,3,2,1,-1,1,-1,2,1,38
女,31~40,偏瘦的,(空),-3,-2,-3,2,-3,-3,-3,3,-3,3,-3,38
女,31~40,均匀的,(空),-3,-3,-2,-2,1,-2,-1,3,-1,3,3,38
女,31~40,均匀的,教师,-1,-3,1,2,-1,1,-1,1,-1,-1,1,38
女,31~40,偏胖的,教育,-3,3,-2,-3,-2,-3,-2,2,-3,1,-3,38
男,18~25,均匀的,master of school of architecture,-2,-3,-2,1,3,-2,-2,3,-2,3,1,38
男,18~25,偏瘦的,广告,-2,1,-3,3,-2,-2,-1,3,-1,3,2,38
男,18~25,均匀的,学生,1,1,1,1,1,1,1,1,1,1,1,38
男,18~25,均匀的,学生,-1,-2,1,1,1,1,1,-1,-1,1,1,38
男,18~25,均匀的,学生,-1,-2,1,-2,2,-1,1,2,2,2,3,38
男,18~25,均匀的,学生,-2,-3,-2,-1,1,1,1,-2,-2,-2,-2,38
男,18岁以下,偏瘦的,本科在校学生,1,-3,1,-1,-1,-1,1,1,2,-2,2,38
男,26~30,偏胖的,学生,-2,2,1,1,2,-2,1,2,-1,2,-1,38
男,26~30,均匀的,颜色科学,-1,-1,-1,-3,-3,-3,-1,3,-3,3,2,38
男,26~30,偏胖的,(空),1,-3,1,1,1,1,1,1,1,-2,-1,38
男,26~30,偏瘦的,design master,-2,-2,2,-1,-2,-2,2,1,-2,2,2,38
男,31~40,偏胖的,工业设计,-3,-3,-3,3,-3,-3,-2,3,-3,3,3,38
男,31~40,偏胖的,教,-1,-2,-2,-1,-2,-2,1,-1,-1,-2,-2,38
男,31~40,偏胖的,(空),-3,-3,-3,-2,-2,-2,3,-1,1,3,3,38
男,31~40,偏胖的,design phd,-1,-2,-1,1,1,-1,-1,-1,-1,1,-1,38
男,31~40,偏胖的,(空),-2,-3,-3,2,1,-2,2,2,-2,2,1,38
男,41~50,均匀的,教师,-1,-3,-1,1,-1,-1,1,-1,-3,2,3,38
女,18~25,偏胖的,行N企,3,-3,-2,3,2,-3,3,-2,1,3,3,39
女,18~25,偏胖的,O,2,-1,-1,3,3,-3,3,2,2,3,3,39
女,18~25,偏瘦的,学生,1,-3,2,1,-1,2,1,-1,2,-2,-2,39
女,18~25,均匀的,财务会计,1,-3,2,3,2,2,1,2,3,2,1,39
女,18~25,均匀的,学生,-1,-3,-1,-1,-1,-1,-1,2,2,-1,-1,39
女,26~30,均匀的,O,3,-3,-1,3,-3,-3,3,-1,1,3,3,39
女,26~30,偏胖的,服装,1,-1,1,3,3,1,1,1,1,1,1,39
女,26~30,均匀的,教师,-1,1,2,1,1,1,1,-1,1,-1,-1,39
女,26~30,均匀的,医师,1,-1,2,1,2,2,1,-1,2,-2,1,39
女,26~30,偏胖的,医学,1,1,-1,-1,1,1,1,1,2,-1,1,39
女,26~30,均匀的,服装,3,-2,-1,3,-2,-2,3,-2,1,-1,-1,39
女,26~30,均匀的,服装设计,-1,-3,1,3,-2,-1,3,1,3,2,-3,39
女,26~30,均匀的,纺织研究助理,2,-2,-1,2,-1,-2,1,-2,-1,3,1,39
女,31~40,偏瘦的,(空),1,-2,-1,3,-2,-3,1,1,-1,3,-1,39
女,31~40,均匀的,(空),3,-3,-3,2,-1,1,3,2,1,3,3,39
女,31~40,均匀的,教师,-1,-2,1,2,-1,-1,1,1,-2,-1,-1,39
女,31~40,偏胖的,教育,3,-2,-1,3,-1,-3,3,-1,1,2,3,39
男,18~25,均匀的,master of school of architecture,2,-3,-1,3,-3,-3,-1,-2,-2,3,1,39
男,18~25,偏瘦的,广告,-1,1,2,3,-3,-3,-1,3,-1,3,3,39
男,18~25,均匀的,学生,1,-2,1,1,1,1,1,1,1,1,1,39
男,18~25,均匀的,学生,-1,-3,1,1,1,2,1,1,1,1,1,39
男,18~25,均匀的,学生,-1,1,2,1,-1,-1,-1,-2,-2,-1,-2,39
男,18~25,均匀的,学生,1,1,2,1,2,1,-1,-2,1,-2,-3,39
男,18岁以下,偏瘦的,本科在校学生,1,-3,1,1,-1,2,1,1,1,-1,-1,39
男,26~30,偏胖的,学生,-1,3,-1,3,1,1,3,-1,-1,2,2,39
男,26~30,均匀的,颜色科学,3,-1,2,3,3,3,3,3,-3,3,3,39
男,26~30,偏胖的,(空),1,-1,3,2,2,2,1,1,-1,-1,-2,39
男,26~30,偏瘦的,design master,3,-1,-3,3,-3,-3,-1,-1,-1,3,2,39
男,31~40,偏胖的,工业设计,2,3,2,3,2,2,2,-1,-3,3,3,39
男,31~40,偏胖的,教,-2,-2,-1,-1,-2,-2,-2,-1,-1,-2,-2,39
男,31~40,偏胖的,(空),3,-3,1,3,3,-3,3,3,3,3,3,39
男,31~40,偏胖的,design phd,1,-1,-1,2,1,1,-1,-1,-1,1,1,39
男,31~40,偏胖的,(空),2,1,1,2,2,-2,1,-2,1,3,2,39
男,41~50,均匀的,教师,-1,-2,-2,1,-2,-2,-1,1,2,3,1,39
女,18~25,偏胖的,行N企,-2,-3,-2,-3,1,-2,1,3,1,3,3,40
女,18~25,偏胖的,O,-3,-3,-3,3,2,-1,1,3,-1,3,3,40
女,18~25,偏瘦的,学生,1,-3,-1,-1,-1,1,1,-1,2,-2,-2,40
女,18~25,均匀的,财务会计,-2,-3,1,3,2,-1,1,2,3,2,3,40
女,18~25,均匀的,学生,1,-2,1,1,1,-1,-1,-1,-1,-1,1,40
女,26~30,均匀的,O,-3,-3,-3,2,-3,-3,-2,3,-1,3,3,40
女,26~30,偏胖的,服装,-3,-3,-3,-3,-3,2,-3,2,-3,2,-3,40
女,26~30,均匀的,教师,-2,-2,1,-2,2,2,-1,-1,1,-2,2,40
女,26~30,均匀的,医师,-2,-3,1,-1,-1,-1,-1,-1,1,-1,-1,40
女,26~30,偏胖的,医学,1,-1,1,-1,-1,1,1,1,1,1,1,40
女,26~30,均匀的,服装,-1,-3,3,-2,-2,-2,-3,2,-2,-1,-1,40
女,26~30,均匀的,服装设计,-2,-3,-1,3,-2,-2,-2,2,-1,-1,-2,40
女,26~30,均匀的,纺织研究助理,-3,-3,-2,1,-2,-2,-3,3,1,2,-2,40
女,31~40,偏瘦的,(空),-3,-3,-3,2,1,-2,-3,3,-3,3,-3,40
女,31~40,均匀的,(空),-3,-3,-2,-3,-2,-2,1,3,-1,3,3,40
女,31~40,均匀的,教师,-1,-3,1,1,-1,-1,-1,-1,-1,1,-1,40
女,31~40,偏胖的,教育,-3,3,-2,-2,-1,-3,-3,1,-2,-2,-3,40
男,18~25,均匀的,master of school of architecture,-2,-3,-2,1,3,3,-2,3,-1,3,2,40
男,18~25,偏瘦的,广告,-3,1,-2,3,-2,-3,-3,3,1,3,3,40
男,18~25,均匀的,学生,-1,1,-1,2,1,1,1,1,1,1,1,40
男,18~25,均匀的,学生,-1,-3,2,1,2,1,1,-1,1,-1,-1,40
男,18~25,均匀的,学生,-2,-3,1,-1,-2,-2,-2,-1,-1,-1,-2,40
男,18~25,均匀的,学生,-2,2,1,-2,1,-1,-1,-3,-2,-3,-3,40
男,18岁以下,偏瘦的,本科在校学生,1,-3,1,-1,-1,-1,-1,1,-1,-2,-1,40
男,26~30,偏胖的,学生,-3,3,2,1,-3,-3,2,2,-1,2,2,40
男,26~30,均匀的,颜色科学,-2,-1,-2,-3,-3,-3,-3,2,-2,2,2,40
男,26~30,偏胖的,(空),-1,-3,2,1,2,2,1,1,1,-2,-1,40
男,26~30,偏瘦的,design master,-3,-2,2,1,-2,-3,-1,-1,-3,3,1,40
男,31~40,偏胖的,工业设计,-3,-3,-3,3,-3,-3,-2,3,-3,3,3,40
男,31~40,偏胖的,教,-2,-2,-2,1,-1,-2,-2,-2,-2,-2,-2,40
男,31~40,偏胖的,(空),-2,1,-3,-2,-2,-2,2,-1,-3,3,3,40
男,31~40,偏胖的,design phd,-2,-3,-2,1,1,-1,-1,-2,-2,-1,-2,40
男,31~40,偏胖的,(空),-3,-3,-1,2,-2,-3,-2,2,-3,2,3,40
男,41~50,均匀的,教师,-2,-3,-2,-1,-3,-2,-2,-2,-2,-1,1,40
