,Gender,Age,Figure,Job,Heavy:Light,Passive:Active,Cold:Warm,Dirty:Clean,Traditional:Modern,Plain: Gaudy,Tense:Relaxed,FatL:SlimL,Masculine:Feminine,HMatch:EMatch,Dislike:Like,Group
0,女,18~25,偏胖的,行銷企劃,1,3,2,1,2,3,-2,1,3,-2,-2,0
1,女,18~25,偏胖的,設計師,-2,3,3,1,1,2,-1,-3,3,-3,-3,0
2,女,18~25,偏瘦的,学生,2,2,2,3,3,-2,3,2,3,3,3,0
3,女,18~25,均匀的,财务会计,1,-1,1,3,1,-1,2,-1,1,2,1,0
4,女,18~25,均匀的,学生,3,3,-1,3,1,2,3,3,1,3,3,0
5,女,26~30,均匀的,設計,1,-3,3,1,2,2,2,-1,-1,-1,1,0
6,女,26~30,偏胖的,服装,2,2,1,3,2,1,-1,1,-1,1,-1,0
7,女,26~30,均匀的,教师,3,2,-2,2,-3,-3,3,1,1,3,1,0
8,女,26~30,均匀的,医师,2,2,-1,3,-1,-2,2,-2,1,3,3,0
9,女,26~30,偏胖的,医学,1,2,1,3,-3,-3,-2,-3,2,1,1,0
10,女,26~30,均匀的,服装,1,2,-1,-2,2,2,-1,-1,2,-3,-2,0
11,女,26~30,均匀的,服装设计,-1,2,1,-1,2,2,1,-2,-3,-2,-3,0
12,女,26~30,均匀的,纺织研究助理,1,3,2,2,1,2,1,-1,-3,-1,-2,0
13,女,31~40,偏瘦的,(空),-2,2,2,1,-1,1,-1,-1,2,1,1,0
14,女,31~40,均匀的,(空),1,1,3,1,2,2,2,1,3,-1,1,0
15,女,31~40,均匀的,教师,-1,1,1,1,-1,1,-1,1,-2,2,1,0
16,女,31~40,偏胖的,教育,-2,3,2,1,-1,2,-2,1,2,1,1,0
17,男,18~25,均匀的,master of school of architecture,1,-2,1,2,-1,1,-2,-1,-2,-2,-2,0
18,男,18~25,偏瘦的,广告,2,1,1,-3,-3,-3,2,-3,3,-3,-3,0
19,男,18~25,均匀的,学生,2,2,2,2,1,-1,-1,1,2,-1,-2,0
20,男,18~25,均匀的,学生,1,3,1,1,1,-1,1,1,1,1,1,0
21,男,18~25,均匀的,学生,1,3,1,1,-1,1,2,-1,-2,3,3,0
22,男,18~25,均匀的,学生,3,1,1,3,-1,-1,3,1,-1,3,1,0
23,男,18岁以下,偏瘦的,本科在校学生,3,1,3,3,3,1,3,3,-3,3,3,0
24,男,26~30,偏胖的,学生,1,2,1,2,3,3,-1,-1,2,-1,3,0
25,男,26~30,均匀的,颜色科学,3,2,3,3,3,3,3,3,3,1,3,0
26,男,26~30,偏胖的,(空),1,3,-1,3,-1,-1,-1,-1,-1,2,1,0
27,男,26~30,偏瘦的,design master,2,2,2,-1,2,2,-2,1,2,-1,1,0
28,男,31~40,偏胖的,工业设计,2,2,2,1,2,2,1,1,3,-2,-3,0
29,男,31~40,偏胖的,教師,1,2,2,2,2,2,1,1,1,-1,1,0
30,男,31~40,偏胖的,(空),2,3,2,2,2,3,-2,2,2,-1,1,0
31,男,31~40,偏胖的,design phd,-1,2,2,3,1,1,1,-1,2,1,-1,0
32,男,31~40,偏胖的,(空),1,2,2,2,2,1,2,1,2,-1,1,0
33,男,41~50,均匀的,教师,1,3,1,1,-1,-1,-2,-1,2,-3,-2,0
34,女,18~25,偏胖的,行銷企劃,-2,-3,-1,-3,-2,-2,-2,-2,3,-3,1,1
35,女,18~25,偏胖的,設計師,-2,2,-1,-3,-2,-1,-3,-3,3,-3,-3,1
36,女,18~25,偏瘦的,学生,1,-2,-1,3,3,-1,1,3,-3,3,3,1
37,女,18~25,均匀的,财务会计,-2,-2,-2,3,-2,-2,-1,1,-1,-1,-1,1
38,女,18~25,均匀的,学生,-1,-1,-2,-1,1,1,-1,-1,-1,2,-2,1
39,女,26~30,均匀的,設計,-3,1,-1,-2,1,1,-2,-1,-1,-2,-3,1
40,女,26~30,偏胖的,服装,-1,-2,-1,2,2,1,1,1,1,-2,2,1
41,女,26~30,均匀的,教师,-1,-2,-1,-1,-2,-2,-1,2,-2,2,1,1
42,女,26~30,均匀的,医师,-2,-1,-1,-1,-2,-2,-1,2,-2,2,-1,1
43,女,26~30,偏胖的,医学,1,-3,1,2,2,-1,1,1,1,1,1,1
44,女,26~30,均匀的,服装,-1,-1,1,1,1,-1,1,-1,-2,-1,-1,1
45,女,26~30,均匀的,服装设计,-1,-2,1,-2,1,-1,-1,-1,-1,-3,-3,1
46,女,26~30,均匀的,纺织研究助理,-1,2,1,-2,-1,-1,-2,-2,-3,-2,-2,1
47,女,31~40,偏瘦的,(空),-3,3,-3,-2,-1,1,-3,1,-3,1,-3,1
48,女,31~40,均匀的,(空),-1,-2,-1,1,2,1,1,-1,1,-2,-1,1
49,女,31~40,均匀的,教师,-2,-1,-2,-1,1,1,-1,-1,-2,-1,-1,1
50,女,31~40,偏胖的,教育,-2,-2,2,-3,-2,-3,-1,1,2,-1,-1,1
51,男,18~25,均匀的,master of school of architecture,-2,-2,-1,-2,-1,-2,-1,1,2,-2,-1,1
52,男,18~25,偏瘦的,广告,-1,1,-2,-2,1,1,-2,-2,2,-3,-3,1
53,男,18~25,均匀的,学生,-1,-1,-1,1,-1,-1,2,1,1,-1,-2,1
54,男,18~25,均匀的,学生,1,-1,1,1,1,1,1,1,-1,1,1,1
55,男,18~25,均匀的,学生,1,-1,-1,-2,1,-1,1,3,-2,3,3,1
56,男,18~25,均匀的,学生,-2,-2,-2,-2,-2,-3,1,1,-3,-1,-1,1
57,男,18岁以下,偏瘦的,本科在校学生,2,-1,2,2,1,1,2,3,2,2,3,1
58,男,26~30,偏胖的,学生,-1,-1,1,1,2,2,1,-1,-1,2,2,1
59,男,26~30,均匀的,颜色科学,-2,2,-2,-2,-3,-3,-1,-2,-2,-2,-2,1
60,男,26~30,偏胖的,(空),-1,2,-1,2,1,-1,-1,1,-1,1,1,1
61,男,26~30,偏瘦的,design master,-2,-1,2,1,-1,-2,2,1,-2,2,2,1
62,男,31~40,偏胖的,工业设计,-3,1,1,-2,-3,-2,-1,-1,1,-2,-2,1
63,男,31~40,偏胖的,教師,-1,-1,1,-2,-1,-2,-1,2,-1,-1,1,1
64,男,31~40,偏胖的,(空),1,-3,1,-1,-1,1,-1,-2,1,2,-2,1
65,男,31~40,偏胖的,design phd,-1,-2,2,3,1,-2,1,-1,2,1,1,1
66,男,31~40,偏胖的,(空),-1,1,2,1,1,2,1,1,1,3,-2,1
67,男,41~50,均匀的,教师,1,-1,2,1,2,3,2,1,2,2,2,1
68,女,18~25,偏胖的,行銷企劃,-2,-3,-1,-3,1,1,-3,2,-1,-1,2,2
69,女,18~25,偏胖的,設計師,-1,3,-1,-3,-3,-3,-3,-3,-3,-3,-3,2
70,女,18~25,偏瘦的,学生,1,-3,-1,2,2,-1,1,3,-3,3,3,2
71,女,18~25,均匀的,财务会计,1,-2,-2,3,-1,-2,1,-1,-1,-1,-1,2
72,女,18~25,均匀的,学生,1,1,-1,-1,1,-1,-2,3,-1,-1,-2,2
73,女,26~30,均匀的,設計,-2,-3,-2,-1,1,1,-1,1,-2,-3,-2,2
74,女,26~30,偏胖的,服装,1,-3,2,2,1,-1,-1,1,-1,2,-2,2
75,女,26~30,均匀的,教师,-1,-2,-1,1,-2,-2,-1,1,-2,2,1,2
76,女,26~30,均匀的,医师,-2,-1,-1,-1,-1,-2,-1,2,-1,2,1,2
77,女,26~30,偏胖的,医学,2,-2,2,2,2,1,2,2,1,2,2,2
78,女,26~30,均匀的,服装,1,-1,1,-1,1,1,-1,1,1,-1,-1,2
79,女,26~30,均匀的,服装设计,-2,-2,-1,2,-1,-2,1,-1,-1,1,-2,2
80,女,26~30,均匀的,纺织研究助理,-2,1,-3,-2,-1,-1,-2,-2,-3,-1,-3,2
81,女,31~40,偏瘦的,(空),-3,1,-3,-3,-1,-3,-3,3,-3,-3,-3,2
82,女,31~40,均匀的,(空),-1,-3,-1,-1,1,-1,1,-1,-3,-2,-3,2
83,女,31~40,均匀的,教师,1,-1,2,-1,-1,-2,-1,-1,-2,1,-2,2
84,女,31~40,偏胖的,教育,-2,3,2,-1,-2,-2,1,3,-1,1,-2,2
85,男,18~25,均匀的,master of school of architecture,-2,-2,-1,-1,-3,3,1,2,-1,-3,-2,2
86,男,18~25,偏瘦的,广告,-1,-1,-2,-3,1,1,-1,-1,-1,-3,-3,2
87,男,18~25,均匀的,学生,-1,-2,-1,2,-1,-1,-1,1,1,-1,-2,2
88,男,18~25,均匀的,学生,1,-3,1,-1,1,1,1,-1,-1,1,1,2
89,男,18~25,均匀的,学生,-1,1,-1,-2,2,-1,-1,3,-2,3,3,2
90,男,18~25,均匀的,学生,-1,-2,-1,1,-1,-2,1,1,-2,-2,-1,2
91,男,18岁以下,偏瘦的,本科在校学生,1,-1,1,-1,-1,-1,-1,3,2,2,3,2
92,男,26~30,偏胖的,学生,-1,1,1,-2,-2,-1,1,1,-1,2,1,2
93,男,26~30,均匀的,颜色科学,-2,2,-2,-3,-3,-3,-2,-2,-2,-2,-2,2
94,男,26~30,偏胖的,(空),-1,-1,-1,1,-1,-1,-1,1,-1,1,-1,2
95,男,26~30,偏瘦的,design master,-2,-2,1,-2,-2,-2,2,1,-1,-2,-2,2
96,男,31~40,偏胖的,工业设计,1,-2,-1,-1,1,1,-1,1,2,-3,-3,2
97,男,31~40,偏胖的,教師,-1,-1,-1,-1,-1,1,-1,1,-1,-1,-2,2
98,男,31~40,偏胖的,(空),-2,-1,-2,-2,-2,-2,2,-2,-2,2,-2,2
99,男,31~40,偏胖的,design phd,-1,1,-1,3,-1,-1,-1,1,2,-2,-2,2
100,男,31~40,偏胖的,(空),2,-2,-2,2,1,2,2,2,-2,1,1,2
101,男,41~50,均匀的,教师,-3,-1,-2,1,-2,-2,-2,-1,1,-1,-3,2
102,女,18~25,偏胖的,行銷企劃,-3,-3,-3,-3,-3,-2,-3,-2,1,-3,1,3
103,女,18~25,偏胖的,設計師,-1,2,1,-1,-1,-1,-1,1,-1,-1,1,3
104,女,18~25,偏瘦的,学生,1,-3,-1,2,2,-2,2,1,-2,2,2,3
105,女,18~25,均匀的,财务会计,-1,-2,-1,3,-1,-1,1,-2,-1,-1,-1,3
106,女,18~25,均匀的,学生,-1,-2,-1,3,2,1,-1,-3,1,-1,-3,3
107,女,26~30,均匀的,設計,-2,-3,-2,1,2,1,1,1,-1,-2,-1,3
108,女,26~30,偏胖的,服装,3,-3,1,2,1,2,2,-1,-1,-1,-2,3
109,女,26~30,均匀的,教师,1,-1,-1,1,-2,-2,1,-1,-1,2,-1,3
110,女,26~30,均匀的,医师,1,-2,-1,1,-1,-2,2,-1,2,3,2,3
111,女,26~30,偏胖的,医学,3,-2,3,2,2,2,3,2,3,3,3,3
112,女,26~30,均匀的,服装,-2,-2,-1,-1,1,-1,-1,1,-1,-1,1,3
113,女,26~30,均匀的,服装设计,-2,-2,-2,3,-1,-2,1,2,-2,1,-2,3
114,女,26~30,均匀的,纺织研究助理,-1,-1,-2,1,1,-1,-1,1,1,-2,-1,3
115,女,31~40,偏瘦的,(空),-3,1,-3,-1,-2,-3,-3,3,-3,3,-3,3
116,女,31~40,均匀的,(空),-2,-3,-1,1,-2,-3,2,2,-2,2,-1,3
117,女,31~40,均匀的,教师,-1,-2,-1,2,-1,1,1,-1,-2,-1,-1,3
118,女,31~40,偏胖的,教育,-3,3,-1,-1,-2,2,2,2,-1,-2,-1,3
119,男,18~25,均匀的,master of school of architecture,-1,1,-1,-2,2,3,-1,2,-1,-2,-2,3
120,男,18~25,偏瘦的,广告,-1,-1,-1,-2,1,-2,-2,-1,1,-3,-2,3
121,男,18~25,均匀的,学生,-1,1,-1,1,1,-1,1,-1,-1,-1,-1,3
122,男,18~25,均匀的,学生,1,-2,1,1,1,-1,1,1,-1,1,-1,3
123,男,18~25,均匀的,学生,1,-1,-1,-1,1,-1,-1,2,-1,3,3,3
124,男,18~25,均匀的,学生,1,-3,-2,2,-1,-2,1,-1,-1,1,1,3
125,男,18岁以下,偏瘦的,本科在校学生,1,-2,1,1,-1,-1,1,2,2,3,2,3
126,男,26~30,偏胖的,学生,-2,1,-1,1,-1,1,-1,2,-1,2,2,3
127,男,26~30,均匀的,颜色科学,-2,2,-1,-2,-2,-2,-1,-2,2,-2,-2,3
128,男,26~30,偏胖的,(空),-1,-2,-1,1,-1,-1,-1,1,-1,1,-1,3
129,男,26~30,偏瘦的,design master,-2,-1,1,-1,-2,-3,2,1,-2,-1,-2,3
130,男,31~40,偏胖的,工业设计,1,-3,1,-1,1,1,1,1,1,-2,-1,3
131,男,31~40,偏胖的,教師,-1,-2,-1,-1,-2,-1,-1,-2,-1,-1,-1,3
132,男,31~40,偏胖的,(空),-2,-1,-2,-2,-2,-2,2,-2,-2,2,-2,3
133,男,31~40,偏胖的,design phd,-1,-2,-1,3,-1,2,1,2,2,-2,-2,3
134,男,31~40,偏胖的,(空),-2,-3,2,1,-1,2,2,2,2,-1,-1,3
135,男,41~50,均匀的,教师,-2,-2,-2,1,-1,-2,-2,-1,-1,-3,-3,3
136,女,18~25,偏胖的,行銷企劃,-3,2,-3,-2,-2,-1,-3,3,1,-2,2,4
137,女,18~25,偏胖的,設計師,-1,2,-1,1,1,1,1,2,1,2,1,4
138,女,18~25,偏瘦的,学生,1,1,-1,3,2,-1,1,3,-3,3,3,4
139,女,18~25,均匀的,财务会计,-2,1,-2,3,-2,-2,1,-1,-1,-1,-2,4
140,女,18~25,均匀的,学生,-2,1,-2,-1,3,3,3,3,-1,3,3,4
141,女,26~30,均匀的,設計,-1,3,-2,-1,1,-1,-1,1,-2,-3,-2,4
142,女,26~30,偏胖的,服装,-1,-3,-2,2,1,-1,-2,1,-1,2,-2,4
143,女,26~30,均匀的,教师,-3,1,-1,-2,-2,-2,-3,1,-3,1,-1,4
144,女,26~30,均匀的,医师,-2,-2,-2,-1,-2,-2,-2,2,-2,2,-1,4
145,女,26~30,偏胖的,医学,-1,-2,1,2,-1,-1,-1,2,-1,2,1,4
146,女,26~30,均匀的,服装,-2,-1,1,-1,-2,-1,-1,2,-3,2,1,4
147,女,26~30,均匀的,服装设计,-2,-2,-1,3,-2,-2,1,2,-3,1,-1,4
148,女,26~30,均匀的,纺织研究助理,-1,1,1,1,-2,-1,-1,-1,-2,-3,-2,4
149,女,31~40,偏瘦的,(空),-3,2,-2,1,-2,-3,-2,3,-3,-3,-3,4
150,女,31~40,均匀的,(空),-2,-2,-3,1,2,1,-1,-3,-2,-3,-3,4
151,女,31~40,均匀的,教师,-1,1,1,-1,-2,1,-1,-1,-1,-1,1,4
152,女,31~40,偏胖的,教育,-1,3,-1,2,2,-1,2,3,-1,3,2,4
153,男,18~25,均匀的,master of school of architecture,-1,1,-1,2,2,-1,1,2,-2,1,-2,4
154,男,18~25,偏瘦的,广告,1,-1,1,1,-2,-2,2,-1,-1,-1,-1,4
155,男,18~25,均匀的,学生,1,1,1,1,-1,-1,1,1,1,-1,1,4
156,男,18~25,均匀的,学生,-1,-2,-1,1,1,-1,-1,1,-1,2,1,4
157,男,18~25,均匀的,学生,-1,1,-1,-3,1,-1,-1,3,-2,3,3,4
158,男,18~25,均匀的,学生,-3,1,-2,-2,-1,-3,1,1,-2,-1,1,4
159,男,18岁以下,偏瘦的,本科在校学生,1,-1,1,1,-1,-1,1,2,2,2,3,4
160,男,26~30,偏胖的,学生,-2,-1,-2,2,-3,-3,2,-1,-2,2,1,4
161,男,26~30,均匀的,颜色科学,3,3,-3,3,3,3,3,3,-3,3,3,4
162,男,26~30,偏胖的,(空),-1,2,-1,1,-1,-1,-1,1,-1,2,1,4
163,男,26~30,偏瘦的,design master,-2,-1,-2,1,-1,-1,2,1,-2,-1,2,4
164,男,31~40,偏胖的,工业设计,1,-1,-2,1,1,1,1,1,1,1,-1,4
165,男,31~40,偏胖的,教師,-1,-2,-1,1,-1,1,-1,-1,-1,-1,-1,4
166,男,31~40,偏胖的,(空),-1,-1,-2,-1,-1,-1,2,-1,-1,1,1,4
167,男,31~40,偏胖的,design phd,-1,2,1,3,3,2,1,1,-2,1,2,4
168,男,31~40,偏胖的,(空),-2,2,-1,2,1,3,2,-2,1,-1,-1,4
169,男,41~50,均匀的,教师,-2,1,-1,1,1,1,-1,-1,-1,-3,-3,4
170,女,18~25,偏胖的,行銷企劃,-2,3,-1,-1,2,3,-3,-2,3,-1,-2,5
171,女,18~25,偏胖的,設計師,-2,3,-2,-3,1,1,-2,-3,3,-3,-3,5
172,女,18~25,偏瘦的,学生,-1,3,-1,2,2,-1,1,3,-3,3,3,5
173,女,18~25,均匀的,财务会计,-1,1,-1,3,-1,-1,1,1,-1,-1,-2,5
174,女,18~25,均匀的,学生,-1,3,-1,3,1,-2,1,1,-1,1,3,5
175,女,26~30,均匀的,設計,-1,3,1,-1,1,1,-2,1,-1,-3,-2,5
176,女,26~30,偏胖的,服装,2,2,-1,-1,2,1,1,1,-1,1,-2,5
177,女,26~30,均匀的,教师,-1,3,-1,1,-1,-1,-1,1,-1,1,2,5
178,女,26~30,均匀的,医师,-2,2,-1,1,-2,-2,-1,2,-1,2,1,5
179,女,26~30,偏胖的,医学,2,2,1,2,1,1,-1,-1,-1,1,1,5
180,女,26~30,均匀的,服装,-1,2,-1,-1,1,1,-2,1,-1,-2,-1,5
181,女,26~30,均匀的,服装设计,-2,3,-2,2,2,2,-2,1,-3,-1,-1,5
182,女,26~30,均匀的,纺织研究助理,-1,3,1,-2,-1,1,-2,-2,-1,-3,-3,5
183,女,31~40,偏瘦的,(空),1,3,1,1,1,1,1,-2,1,-2,1,5
184,女,31~40,均匀的,(空),-2,-2,-1,-2,2,3,-1,-1,-1,-3,-3,5
185,女,31~40,均匀的,教师,-1,2,-1,-1,1,-1,-1,1,-1,-1,1,5
186,女,31~40,偏胖的,教育,-2,-1,1,-2,-3,-2,-1,1,1,-3,-2,5
187,男,18~25,均匀的,master of school of architecture,-1,2,-1,-1,3,3,-1,-2,-2,-3,-1,5
188,男,18~25,偏瘦的,广告,-1,-1,1,-3,1,1,-1,1,3,-3,-1,5
189,男,18~25,均匀的,学生,1,2,1,2,-1,1,1,1,1,1,1,5
190,男,18~25,均匀的,学生,-1,3,1,1,1,1,-1,-1,-1,1,1,5
191,男,18~25,均匀的,学生,-2,1,-2,-2,-2,-2,-1,2,-2,2,3,5
192,男,18~25,均匀的,学生,-2,3,-1,-2,-1,-1,-2,-1,-2,-2,-1,5
193,男,18岁以下,偏瘦的,本科在校学生,1,-1,1,1,1,-1,1,1,1,2,1,5
194,男,26~30,偏胖的,学生,2,2,1,1,3,1,-1,2,3,-2,-1,5
195,男,26~30,均匀的,颜色科学,3,3,-3,3,3,3,3,3,3,3,2,5
196,男,26~30,偏胖的,(空),-1,2,-1,1,-1,-1,-1,1,-1,1,1,5
197,男,26~30,偏瘦的,design master,-2,2,1,-2,1,2,-1,1,2,-2,-2,5
198,男,31~40,偏胖的,工业设计,2,2,2,-1,3,3,2,1,2,-3,-2,5
199,男,31~40,偏胖的,教師,-2,-2,-1,-1,-1,-2,-1,-1,-2,-2,-1,5
200,男,31~40,偏胖的,(空),1,3,1,2,2,1,-1,1,1,-1,1,5
201,男,31~40,偏胖的,design phd,1,3,1,3,2,2,2,2,2,1,-3,5
202,男,31~40,偏胖的,(空),-1,3,-1,-1,-2,2,-1,-2,-1,-1,-1,5
203,男,41~50,均匀的,教师,-1,2,-1,1,-1,1,1,-1,1,-3,-3,5
204,女,18~25,偏胖的,行銷企劃,-3,2,2,-2,-2,1,-2,-2,3,-3,-3,6
205,女,18~25,偏胖的,設計師,-1,2,2,1,2,2,1,-1,3,-1,1,6
206,女,18~25,偏瘦的,学生,-1,1,-2,1,1,-1,-1,1,2,2,1,6
207,女,18~25,均匀的,财务会计,-1,-1,-1,3,-1,-1,-1,2,1,1,1,6
208,女,18~25,均匀的,学生,1,1,2,-1,-2,-1,-1,1,-1,-1,-2,6
209,女,26~30,均匀的,設計,1,1,2,1,2,1,1,2,2,2,2,6
210,女,26~30,偏胖的,服装,1,-2,-1,-1,-2,-2,-1,2,1,2,-1,6
211,女,26~30,均匀的,教师,-1,-1,1,-1,-1,-1,-1,1,-1,-1,-2,6
212,女,26~30,均匀的,医师,-1,1,-1,-1,-1,-1,1,1,-2,-2,-1,6
213,女,26~30,偏胖的,医学,2,-2,-1,1,2,2,2,-2,1,-1,-1,6
214,女,26~30,均匀的,服装,-1,2,1,1,1,1,1,1,-1,1,1,6
215,女,26~30,均匀的,服装设计,-2,2,-1,-1,1,1,-1,-1,-3,-3,-3,6
216,女,26~30,均匀的,纺织研究助理,-2,3,1,-1,1,2,1,-1,-3,-2,-1,6
217,女,31~40,偏瘦的,(空),-1,2,2,1,1,1,1,-2,2,-2,-1,6
218,女,31~40,均匀的,(空),1,-2,2,-1,-1,1,1,-1,2,2,1,6
219,女,31~40,均匀的,教师,-1,1,1,-1,1,-1,-2,1,-1,-1,2,6
220,女,31~40,偏胖的,教育,-3,3,2,-1,-3,-3,-2,2,2,-1,-1,6
221,男,18~25,均匀的,master of school of architecture,-2,2,1,-1,-3,-1,1,-1,-2,-2,-1,6
222,男,18~25,偏瘦的,广告,1,-1,1,-1,-1,-1,1,-2,3,1,1,6
223,男,18~25,均匀的,学生,1,1,2,1,1,1,1,2,1,1,1,6
224,男,18~25,均匀的,学生,-1,3,-1,-1,-1,-1,1,-1,-1,1,-1,6
225,男,18~25,均匀的,学生,-2,1,-1,-1,-1,-1,-1,2,-1,2,2,6
226,男,18~25,均匀的,学生,-2,2,-1,-1,-2,-3,2,-1,-3,-2,-1,6
227,男,18岁以下,偏瘦的,本科在校学生,1,2,1,-2,-1,-1,1,1,1,-1,-1,6
228,男,26~30,偏胖的,学生,2,2,3,1,3,1,1,-2,1,1,2,6
229,男,26~30,均匀的,颜色科学,2,3,3,-1,-2,-2,-2,1,1,1,1,6
230,男,26~30,偏胖的,(空),1,3,1,1,1,-1,1,1,-1,-2,-1,6
231,男,26~30,偏瘦的,design master,-2,2,2,1,-2,-2,2,-1,-2,2,2,6
232,男,31~40,偏胖的,工业设计,-1,2,1,-1,-1,-1,1,1,2,1,1,6
233,男,31~40,偏胖的,教師,-2,-2,-1,-1,-1,1,-1,1,-1,-1,-2,6
234,男,31~40,偏胖的,(空),1,2,2,1,1,1,-1,1,1,-1,-1,6
235,男,31~40,偏胖的,design phd,-1,2,1,2,2,2,-1,1,1,-2,-1,6
236,男,31~40,偏胖的,(空),2,1,2,1,2,3,-1,1,2,2,-1,6
237,男,41~50,均匀的,教师,1,2,2,1,-2,-1,1,1,2,-2,-2,6
238,女,18~25,偏胖的,行銷企劃,-2,3,1,1,-1,2,-3,-2,3,-2,-3,7
239,女,18~25,偏胖的,設計師,1,3,1,-1,2,2,-2,-2,3,-2,1,7
240,女,18~25,偏瘦的,学生,2,3,-1,1,1,1,1,1,-1,1,-1,7
241,女,18~25,均匀的,财务会计,-1,1,-1,3,1,2,1,1,1,1,-1,7
242,女,18~25,均匀的,学生,2,3,2,3,-1,2,1,2,1,1,-1,7
243,女,26~30,均匀的,設計,2,2,3,1,2,2,1,1,3,-3,1,7
244,女,26~30,偏胖的,服装,-2,3,-2,2,1,-1,-2,1,1,1,2,7
245,女,26~30,均匀的,教师,1,3,-1,1,2,2,1,1,-1,-2,-1,7
246,女,26~30,均匀的,医师,-1,3,1,-1,1,1,1,-1,-2,-3,-2,7
247,女,26~30,偏胖的,医学,3,2,3,3,3,3,3,3,3,3,3,7
248,女,26~30,均匀的,服装,1,2,1,-1,-1,1,1,1,1,-1,1,7
249,女,26~30,均匀的,服装设计,2,3,1,1,1,2,1,1,3,-3,-3,7
250,女,26~30,均匀的,纺织研究助理,1,2,2,2,1,3,1,-1,3,-2,1,7
251,女,31~40,偏瘦的,(空),-1,2,2,2,2,3,1,-3,3,-3,-3,7
252,女,31~40,均匀的,(空),1,2,2,1,2,3,2,-2,3,-3,1,7
253,女,31~40,均匀的,教师,-1,2,1,-1,1,-1,1,1,-1,1,1,7
254,女,31~40,偏胖的,教育,-2,3,2,1,2,3,-2,1,2,1,1,7
255,男,18~25,均匀的,master of school of architecture,2,3,1,2,2,-1,1,2,1,-1,1,7
256,男,18~25,偏瘦的,广告,1,1,1,1,1,1,1,-1,3,-2,-2,7
257,男,18~25,均匀的,学生,1,-1,2,1,-1,-1,-1,1,1,1,1,7
258,男,18~25,均匀的,学生,2,3,2,1,2,1,2,1,-1,1,1,7
259,男,18~25,均匀的,学生,-1,3,-1,-1,-1,-1,-1,-1,-1,1,-1,7
260,男,18~25,均匀的,学生,-2,3,-1,-2,-1,-2,-1,1,-2,-1,-1,7
261,男,18岁以下,偏瘦的,本科在校学生,1,-1,1,1,1,1,1,1,-1,-1,-2,7
262,男,26~30,偏胖的,学生,2,2,2,2,2,2,-1,1,3,-1,-1,7
263,男,26~30,均匀的,颜色科学,3,3,3,3,3,3,3,3,3,2,3,7
264,男,26~30,偏胖的,(空),2,3,-1,2,2,1,2,1,-1,-1,-1,7
265,男,26~30,偏瘦的,design master,-2,3,2,-2,-1,2,-2,-1,2,-1,-2,7
266,男,31~40,偏胖的,工业设计,3,3,2,1,3,3,3,1,3,-1,-1,7
267,男,31~40,偏胖的,教師,-1,3,-1,1,-1,-2,-1,2,-1,-1,-1,7
268,男,31~40,偏胖的,(空),2,3,2,2,2,2,-2,2,2,-1,1,7
269,男,31~40,偏胖的,design phd,-1,3,2,3,2,3,1,-2,2,-2,-2,7
270,男,31~40,偏胖的,(空),-1,-1,1,2,1,1,-1,-2,-2,-2,1,7
271,男,41~50,均匀的,教师,1,3,2,1,1,1,-1,1,3,-2,-3,7
272,女,18~25,偏胖的,行銷企劃,2,3,2,-2,-2,-3,1,-3,3,-3,-3,8
273,女,18~25,偏胖的,設計師,1,1,2,-3,1,1,-3,-3,3,-3,-3,8
274,女,18~25,偏瘦的,学生,1,3,-1,1,1,-1,1,-1,-1,1,-2,8
275,女,18~25,均匀的,财务会计,2,1,-1,3,-1,-1,2,1,1,1,3,8
276,女,18~25,均匀的,学生,3,-1,-1,3,3,3,1,3,-1,3,3,8
277,女,26~30,均匀的,設計,1,2,1,1,2,1,1,-1,2,-3,-1,8
278,女,26~30,偏胖的,服装,-2,3,-2,2,2,1,-1,1,2,-1,2,8
279,女,26~30,均匀的,教师,2,2,-2,2,-3,-3,3,-1,-1,3,1,8
280,女,26~30,均匀的,医师,2,1,-2,1,-1,-2,2,-2,2,2,3,8
281,女,26~30,偏胖的,医学,-2,3,-2,-2,2,-2,-2,-2,2,-2,-2,8
282,女,26~30,均匀的,服装,1,2,1,-1,1,1,1,-2,2,-2,-2,8
283,女,26~30,均匀的,服装设计,3,-1,3,3,2,3,3,1,2,-3,-3,8
284,女,26~30,均匀的,纺织研究助理,2,2,3,3,1,2,3,1,1,-2,2,8
285,女,31~40,偏瘦的,(空),-1,1,3,1,2,3,2,-3,2,-3,-3,8
286,女,31~40,均匀的,(空),1,2,3,1,2,2,2,-1,3,-1,1,8
287,女,31~40,均匀的,教师,-2,2,-1,1,-1,-1,2,1,-1,1,1,8
288,女,31~40,偏胖的,教育,-1,-2,2,1,-1,2,-1,-1,2,-1,-1,8
289,男,18~25,均匀的,master of school of architecture,1,3,2,2,3,2,1,-1,-2,3,1,8
290,男,18~25,偏瘦的,广告,2,1,1,-1,-2,-2,1,-2,3,-3,-3,8
291,男,18~25,均匀的,学生,2,1,2,2,1,2,2,1,1,1,1,8
292,男,18~25,均匀的,学生,1,3,-1,-1,1,1,1,1,-1,1,-1,8
293,男,18~25,均匀的,学生,-1,3,-1,-1,-1,-1,-1,3,-1,3,3,8
294,男,18~25,均匀的,学生,2,3,1,3,-1,-2,3,1,-1,-1,2,8
295,男,18岁以下,偏瘦的,本科在校学生,1,-1,1,3,-2,-2,2,3,2,2,3,8
296,男,26~30,偏胖的,学生,2,2,3,2,-2,-2,3,-1,3,3,3,8
297,男,26~30,均匀的,颜色科学,2,3,2,2,2,2,2,2,2,1,2,8
298,男,26~30,偏胖的,(空),1,3,1,2,-1,-1,1,-1,-1,2,-2,8
299,男,26~30,偏瘦的,design master,2,3,3,2,3,2,1,-1,2,2,2,8
300,男,31~40,偏胖的,工业设计,1,3,3,-1,1,1,3,1,1,1,1,8
301,男,31~40,偏胖的,教師,2,3,2,2,2,2,2,2,1,2,2,8
302,男,31~40,偏胖的,(空),2,-3,2,1,2,2,-1,2,2,-1,2,8
303,男,31~40,偏胖的,design phd,1,1,1,3,3,2,1,1,2,-1,-2,8
304,男,31~40,偏胖的,(空),2,1,2,2,1,2,-2,1,2,1,1,8
305,男,41~50,均匀的,教师,1,3,1,1,-1,-1,-2,1,3,-3,-3,8
306,女,18~25,偏胖的,行銷企劃,-2,3,1,-3,-2,-3,-2,-2,1,-3,-3,9
307,女,18~25,偏胖的,設計師,-3,-1,-3,-3,-3,-3,-3,-3,-3,-3,-3,9
308,女,18~25,偏瘦的,学生,2,-1,1,1,2,1,2,-1,2,-1,1,9
309,女,18~25,均匀的,财务会计,2,-1,1,3,2,1,2,1,3,1,3,9
310,女,18~25,均匀的,学生,2,1,2,2,1,-1,1,-1,3,1,3,9
311,女,26~30,均匀的,設計,-2,-2,-2,-1,2,1,1,1,-2,-1,-2,9
312,女,26~30,偏胖的,服装,-1,-1,1,1,-1,-1,1,-1,-1,1,2,9
313,女,26~30,均匀的,教师,2,-2,2,3,3,2,3,-1,3,-1,3,9
314,女,26~30,均匀的,医师,2,-2,2,2,2,2,2,-2,3,1,3,9
315,女,26~30,偏胖的,医学,3,-3,2,2,3,2,2,-1,3,2,3,9
316,女,26~30,均匀的,服装,1,-2,1,-3,-3,-3,-1,-1,-2,-1,-1,9
317,女,26~30,均匀的,服装设计,-2,-2,-3,-2,2,-2,-1,2,-3,-3,-3,9
318,女,26~30,均匀的,纺织研究助理,-2,1,1,-2,-1,1,-1,-1,-3,1,-3,9
319,女,31~40,偏瘦的,(空),-3,1,-3,-3,-2,-2,-3,3,-3,-3,-3,9
320,女,31~40,均匀的,(空),1,-2,1,-2,-1,-2,1,1,-1,-1,-3,9
321,女,31~40,均匀的,教师,1,1,1,1,2,2,1,1,1,-2,2,9
322,女,31~40,偏胖的,教育,-3,-2,2,-3,-2,-2,-1,-1,-3,-3,-3,9
323,男,18~25,均匀的,master of school of architecture,-2,-2,-1,-2,-1,-1,-1,1,-2,-3,-3,9
324,男,18~25,偏瘦的,广告,-1,1,-1,-1,1,-1,1,2,2,2,-1,9
325,男,18~25,均匀的,学生,-1,2,-1,2,-1,-1,-1,1,1,-1,1,9
326,男,18~25,均匀的,学生,1,-2,1,1,2,1,1,1,1,1,1,9
327,男,18~25,均匀的,学生,2,1,2,1,1,1,1,-1,2,-1,1,9
328,男,18~25,均匀的,学生,2,-2,1,2,-1,-1,2,-2,1,1,1,9
329,男,18岁以下,偏瘦的,本科在校学生,2,-1,3,1,1,2,2,2,2,-1,3,9
330,男,26~30,偏胖的,学生,-1,-1,1,-2,-2,-1,1,-1,-1,1,-1,9
331,男,26~30,均匀的,颜色科学,-2,3,-1,-2,-3,-3,-1,-2,-2,-2,-2,9
332,男,26~30,偏胖的,(空),2,-1,2,2,2,1,2,1,2,1,-3,9
333,男,26~30,偏瘦的,design master,-2,-1,2,-1,-3,-3,3,1,-2,1,1,9
334,男,31~40,偏胖的,工业设计,-3,1,-2,-3,-3,-3,-2,-1,-1,-3,-3,9
335,男,31~40,偏胖的,教師,-2,-2,-1,-2,-2,-2,-2,2,-1,-2,-2,9
336,男,31~40,偏胖的,(空),-1,-3,1,-1,1,1,2,-1,-1,1,-2,9
337,男,31~40,偏胖的,design phd,-1,-2,1,1,-1,-1,1,-1,-1,-1,-3,9
338,男,31~40,偏胖的,(空),1,-1,1,1,2,2,2,-2,-1,1,-1,9
339,男,41~50,均匀的,教师,-3,2,-2,1,-2,-3,-2,-1,-2,-3,-3,9
340,女,18~25,偏胖的,行銷企劃,-2,3,1,-2,-3,-2,-1,-2,-1,-3,-3,10
341,女,18~25,偏胖的,設計師,-3,2,-3,-3,-3,-3,-3,-3,-3,-3,-3,10
342,女,18~25,偏瘦的,学生,1,3,1,-1,-2,2,2,-2,2,-2,-2,10
343,女,18~25,均匀的,财务会计,3,1,3,3,2,2,3,1,2,1,2,10
344,女,18~25,均匀的,学生,-1,3,-1,1,-1,1,-1,-3,3,-3,-3,10
345,女,26~30,均匀的,設計,1,2,1,1,2,1,1,1,-1,-3,-3,10
346,女,26~30,偏胖的,服装,-2,2,1,2,1,1,-1,1,1,-1,-1,10
347,女,26~30,均匀的,教师,1,1,2,2,2,1,-1,-1,2,-2,-2,10
348,女,26~30,均匀的,医师,1,1,1,1,1,1,1,-1,2,-2,-2,10
349,女,26~30,偏胖的,医学,2,-1,2,-2,2,2,-2,-2,3,-2,-2,10
350,女,26~30,均匀的,服装,3,-1,3,-1,1,1,1,1,-1,-3,-2,10
351,女,26~30,均匀的,服装设计,-1,-2,2,-3,-2,-2,1,-1,-3,-3,-3,10
352,女,26~30,均匀的,纺织研究助理,-1,1,-1,1,-1,1,-2,-2,-2,-3,-3,10
353,女,31~40,偏瘦的,(空),-2,3,-2,1,1,1,-1,-1,-3,-3,-3,10
354,女,31~40,均匀的,(空),-1,1,-1,1,-1,-1,-1,-2,-3,-3,-3,10
355,女,31~40,均匀的,教师,-1,2,1,-1,-2,1,-1,1,-2,1,1,10
356,女,31~40,偏胖的,教育,-2,2,1,-2,-2,1,1,-2,-2,-2,-3,10
357,男,18~25,均匀的,master of school of architecture,-1,1,-1,1,-2,-1,1,-1,-2,1,-2,10
358,男,18~25,偏瘦的,广告,-2,-1,-2,-2,-2,-3,-2,-2,-1,-3,-3,10
359,男,18~25,均匀的,学生,-1,-1,-1,2,-1,-1,-1,-1,-1,-1,-1,10
360,男,18~25,均匀的,学生,1,-3,1,1,1,2,-1,1,1,1,-1,10
361,男,18~25,均匀的,学生,2,1,2,2,2,2,2,-1,3,-1,-3,10
362,男,18~25,均匀的,学生,1,1,1,1,2,1,1,-1,2,-1,-1,10
363,男,18岁以下,偏瘦的,本科在校学生,2,1,2,1,2,2,2,-1,1,-1,-1,10
364,男,26~30,偏胖的,学生,-1,2,-1,1,2,-2,-1,1,-1,-1,-1,10
365,男,26~30,均匀的,颜色科学,2,3,-2,2,2,2,2,1,1,1,1,10
366,男,26~30,偏胖的,(空),2,3,2,2,2,2,2,1,1,-1,-2,10
367,男,26~30,偏瘦的,design master,-2,1,1,-2,1,-1,2,1,-2,-1,1,10
368,男,31~40,偏胖的,工业设计,1,-1,-1,-1,3,2,-1,1,1,-3,-3,10
369,男,31~40,偏胖的,教師,2,-2,-2,2,2,2,1,-1,2,1,1,10
370,男,31~40,偏胖的,(空),-1,3,-1,1,1,1,1,1,2,-1,1,10
371,男,31~40,偏胖的,design phd,1,1,1,3,-2,-1,1,1,1,-1,-1,10
372,男,31~40,偏胖的,(空),3,-3,2,2,-2,2,1,2,1,-2,1,10
373,男,41~50,均匀的,教师,-3,2,-2,-1,1,1,-1,-2,-1,-3,-3,10
374,女,18~25,偏胖的,行銷企劃,-3,2,-2,-3,-2,-1,-2,-2,-3,-3,-2,11
375,女,18~25,偏胖的,設計師,-3,-1,-2,-3,-2,-3,-3,-3,-3,-3,-3,11
376,女,18~25,偏瘦的,学生,1,1,2,1,-1,2,2,-2,-2,-2,1,11
377,女,18~25,均匀的,财务会计,2,-1,1,3,1,1,2,1,1,1,3,11
378,女,18~25,均匀的,学生,1,2,2,1,1,-1,2,2,-1,1,1,11
379,女,26~30,均匀的,設計,1,2,-1,1,3,1,1,1,1,1,2,11
380,女,26~30,偏胖的,服装,1,-2,1,1,2,-1,2,2,1,-1,1,11
381,女,26~30,均匀的,教师,2,1,2,3,2,2,3,-1,-1,1,2,11
382,女,26~30,均匀的,医师,2,1,-1,2,1,-1,1,-1,2,1,2,11
383,女,26~30,偏胖的,医学,1,-1,2,2,1,2,2,1,-1,1,1,11
384,女,26~30,均匀的,服装,1,-1,-1,-1,1,-1,1,1,1,-1,-1,11
385,女,26~30,均匀的,服装设计,-2,-2,-1,3,2,2,3,-1,-3,-3,-1,11
386,女,26~30,均匀的,纺织研究助理,-2,-1,-1,1,-1,1,-2,-1,-3,-2,-2,11
387,女,31~40,偏瘦的,(空),-2,3,-2,2,1,-1,-2,1,-3,-3,-2,11
388,女,31~40,均匀的,(空),3,2,-1,1,-1,-2,1,1,1,-2,2,11
389,女,31~40,均匀的,教师,-1,2,1,1,-2,1,-2,-1,1,2,-1,11
390,女,31~40,偏胖的,教育,-1,-2,1,1,2,2,2,2,-1,2,-1,11
391,男,18~25,均匀的,master of school of architecture,-1,2,-1,-1,2,-1,1,1,-2,-1,-2,11
392,男,18~25,偏瘦的,广告,1,-1,1,1,2,-1,1,2,3,-3,-1,11
393,男,18~25,均匀的,学生,1,-1,-1,2,1,1,1,-1,-1,-1,-1,11
394,男,18~25,均匀的,学生,2,-3,2,2,2,1,1,1,-1,1,1,11
395,男,18~25,均匀的,学生,2,2,-1,2,2,1,1,2,-1,1,2,11
396,男,18~25,均匀的,学生,2,1,1,2,1,1,1,1,1,-1,1,11
397,男,18岁以下,偏瘦的,本科在校学生,2,-1,2,2,2,2,2,2,2,1,2,11
398,男,26~30,偏胖的,学生,-1,2,2,1,1,-1,1,1,-1,2,1,11
399,男,26~30,均匀的,颜色科学,1,2,-2,2,2,2,2,1,2,1,2,11
400,男,26~30,偏胖的,(空),1,3,-1,2,2,1,1,1,-1,-1,-1,11
401,男,26~30,偏瘦的,design master,-2,2,2,-1,-2,-1,1,1,2,-2,2,11
402,男,31~40,偏胖的,工业设计,-2,-1,-1,-2,-2,-3,-1,1,1,-1,-1,11
403,男,31~40,偏胖的,教師,1,3,1,2,1,2,1,1,-1,1,1,11
404,男,31~40,偏胖的,(空),-1,3,-1,1,1,2,1,-1,2,-2,2,11
405,男,31~40,偏胖的,design phd,1,-1,1,3,2,1,1,1,2,1,1,11
406,男,31~40,偏胖的,(空),2,-2,1,1,2,1,2,-2,-2,-2,-2,11
407,男,41~50,均匀的,教师,-2,2,-2,1,-1,-1,-2,-1,-2,-3,-3,11
408,女,18~25,偏胖的,行銷企劃,-1,3,-2,1,-2,-1,-1,-2,-2,-2,-3,12
409,女,18~25,偏胖的,設計師,-3,2,-3,-3,-1,-1,-3,-3,-3,-3,-3,12
410,女,18~25,偏瘦的,学生,1,3,2,-2,1,1,1,-3,-3,-3,-3,12
411,女,18~25,均匀的,财务会计,1,2,1,3,1,1,1,1,1,1,-1,12
412,女,18~25,均匀的,学生,3,3,3,3,-1,3,3,-1,1,-2,2,12
413,女,26~30,均匀的,設計,1,2,-1,1,2,1,1,-1,-1,-3,-3,12
414,女,26~30,偏胖的,服装,1,2,-1,2,1,1,-1,1,-1,-2,1,12
415,女,26~30,均匀的,教师,1,3,-1,1,2,2,1,-1,1,-2,-1,12
416,女,26~30,均匀的,医师,1,3,1,1,1,1,1,-1,-2,-2,-2,12
417,女,26~30,偏胖的,医学,2,3,-1,2,2,2,1,-2,1,-2,-1,12
418,女,26~30,均匀的,服装,1,-1,1,-1,1,-1,-1,-1,-1,1,-2,12
419,女,26~30,均匀的,服装设计,1,1,-1,3,3,3,1,1,-3,1,-3,12
420,女,26~30,均匀的,纺织研究助理,-1,2,-1,2,1,3,-2,-2,-3,-2,-1,12
421,女,31~40,偏瘦的,(空),1,3,-1,1,2,2,-1,-2,-3,-3,-3,12
422,女,31~40,均匀的,(空),1,2,-3,2,2,3,2,-3,-3,-3,-3,12
423,女,31~40,均匀的,教师,-1,3,1,1,-2,1,-1,1,-1,-1,2,12
424,女,31~40,偏胖的,教育,2,3,-2,3,2,3,2,3,1,3,3,12
425,男,18~25,均匀的,master of school of architecture,1,2,-1,2,2,-1,1,-1,-2,-2,2,12
426,男,18~25,偏瘦的,广告,1,1,2,-3,-3,-3,2,-3,-3,-3,-3,12
427,男,18~25,均匀的,学生,1,1,-1,2,1,1,1,1,1,1,1,12
428,男,18~25,均匀的,学生,1,3,1,1,1,1,1,1,-1,1,1,12
429,男,18~25,均匀的,学生,-1,2,-1,1,-1,1,1,1,-1,-1,-2,12
430,男,18~25,均匀的,学生,2,1,1,1,2,2,2,1,-1,2,1,12
431,男,18岁以下,偏瘦的,本科在校学生,1,-1,2,2,1,1,1,1,-1,-2,-2,12
432,男,26~30,偏胖的,学生,-1,-2,-1,3,1,1,2,1,-2,1,-2,12
433,男,26~30,均匀的,颜色科学,3,3,-3,3,3,3,3,3,-3,3,3,12
434,男,26~30,偏胖的,(空),1,3,-1,1,1,1,1,-1,-1,-2,-2,12
435,男,26~30,偏瘦的,design master,-2,1,-1,1,-2,-2,-2,1,-2,-1,-2,12
436,男,31~40,偏胖的,工业设计,2,2,-2,1,2,3,2,1,-1,-3,-3,12
437,男,31~40,偏胖的,教師,1,3,1,2,1,1,1,2,1,1,1,12
438,男,31~40,偏胖的,(空),-2,-2,-3,3,2,2,-2,1,-1,-2,1,12
439,男,31~40,偏胖的,design phd,2,3,2,3,3,2,2,2,-2,-2,-1,12
440,男,31~40,偏胖的,(空),2,3,3,2,2,3,2,2,-2,-2,-3,12
441,男,41~50,均匀的,教师,-2,3,-2,-1,1,1,-2,-1,1,-3,-3,12
442,女,18~25,偏胖的,行銷企劃,1,3,-1,-1,1,1,-2,-2,2,-3,-3,13
443,女,18~25,偏胖的,設計師,-1,3,-1,-3,1,1,-2,-3,3,-3,-3,13
444,女,18~25,偏瘦的,学生,1,3,-2,1,1,-1,1,1,2,2,1,13
445,女,18~25,均匀的,财务会计,-2,2,-2,3,-2,-2,1,1,1,-1,1,13
446,女,18~25,均匀的,学生,-1,3,2,-1,-2,-2,1,-1,-1,1,-1,13
447,女,26~30,均匀的,設計,-1,2,1,1,2,1,-1,-1,1,-3,-3,13
448,女,26~30,偏胖的,服装,-2,3,2,2,1,-1,-1,-1,2,2,1,13
449,女,26~30,均匀的,教师,-1,3,-1,2,-1,-2,2,1,-1,1,-1,13
450,女,26~30,均匀的,医师,-2,3,-2,-2,-2,-2,-1,-1,-2,-1,-2,13
451,女,26~30,偏胖的,医学,-2,3,-1,-1,1,-1,-1,1,-1,-1,-1,13
452,女,26~30,均匀的,服装,-1,3,-2,-1,-1,1,-2,-1,1,-3,-3,13
453,女,26~30,均匀的,服装设计,-1,3,-2,3,3,3,-2,-3,-2,-3,-3,13
454,女,26~30,均匀的,纺织研究助理,-1,3,2,1,1,1,-1,-1,2,-2,-3,13
455,女,31~40,偏瘦的,(空),-1,3,1,1,2,3,-1,-2,-2,-3,-2,13
456,女,31~40,均匀的,(空),2,2,-2,1,2,3,2,1,1,-3,-3,13
457,女,31~40,均匀的,教师,-2,3,1,1,-1,1,2,1,-2,1,1,13
458,女,31~40,偏胖的,教育,-2,-2,1,-1,-2,2,-2,-1,2,-3,-3,13
459,男,18~25,均匀的,master of school of architecture,1,2,2,1,2,-1,1,-1,-2,-2,1,13
460,男,18~25,偏瘦的,广告,-2,1,-1,2,-2,-2,-1,-3,1,-3,-2,13
461,男,18~25,均匀的,学生,1,-2,1,2,1,1,1,1,1,1,1,13
462,男,18~25,均匀的,学生,1,3,1,1,1,-1,1,1,-1,1,1,13
463,男,18~25,均匀的,学生,1,3,1,-1,1,-1,1,-1,-1,1,-1,13
464,男,18~25,均匀的,学生,2,3,-1,2,-2,-3,3,1,-1,1,-2,13
465,男,18岁以下,偏瘦的,本科在校学生,1,-1,1,-2,-2,-1,1,-1,-2,-2,-2,13
466,男,26~30,偏胖的,学生,1,3,1,2,-2,1,-2,1,2,-2,-2,13
467,男,26~30,均匀的,颜色科学,2,3,-2,2,2,2,2,2,2,2,2,13
468,男,26~30,偏胖的,(空),-1,3,-1,1,1,-1,-1,1,-1,-1,-1,13
469,男,26~30,偏瘦的,design master,1,3,1,-3,2,2,-2,1,2,-2,-2,13
470,男,31~40,偏胖的,工业设计,3,3,2,1,3,3,3,1,3,-3,-2,13
471,男,31~40,偏胖的,教師,1,3,2,1,2,1,1,1,1,2,1,13
472,男,31~40,偏胖的,(空),2,3,2,3,3,3,-2,3,3,-2,3,13
473,男,31~40,偏胖的,design phd,-2,3,-1,3,1,2,-3,3,3,-3,-3,13
474,男,31~40,偏胖的,(空),2,3,2,2,1,3,-2,1,-1,2,-2,13
475,男,41~50,均匀的,教师,-2,3,-1,-1,1,1,1,1,-1,-3,-3,13
476,女,18~25,偏胖的,行銷企劃,-3,-2,2,-3,-3,-2,-3,-1,3,-3,-3,14
477,女,18~25,偏胖的,設計師,1,-2,2,1,1,2,1,1,3,2,2,14
478,女,18~25,偏瘦的,学生,2,-3,2,1,2,1,2,1,-2,1,2,14
479,女,18~25,均匀的,财务会计,2,-2,2,3,1,1,2,1,1,-1,2,14
480,女,18~25,均匀的,学生,3,-2,3,3,3,2,3,3,1,1,3,14
481,女,26~30,均匀的,設計,-1,-2,1,-1,2,1,-1,1,1,1,-1,14
482,女,26~30,偏胖的,服装,2,-3,1,2,1,-3,-1,1,-1,-2,-1,14
483,女,26~30,均匀的,教师,1,-2,2,2,2,2,1,-1,1,1,1,14
484,女,26~30,均匀的,医师,2,1,2,2,2,2,2,-1,2,-1,3,14
485,女,26~30,偏胖的,医学,3,-2,3,2,2,2,2,2,2,2,3,14
486,女,26~30,均匀的,服装,-2,-1,2,-1,-1,1,1,1,-3,1,3,14
487,女,26~30,均匀的,服装设计,-1,-2,1,1,-1,-2,-1,1,-3,3,2,14
488,女,26~30,均匀的,纺织研究助理,-2,2,-2,-2,-1,1,-3,-1,-3,1,-3,14
489,女,31~40,偏瘦的,(空),-3,-1,-3,-2,-3,1,-3,2,-3,3,-3,14
490,女,31~40,均匀的,(空),-1,-2,3,1,2,-3,3,3,2,3,3,14
491,女,31~40,均匀的,教师,1,-2,-1,-1,1,-1,-2,-1,-2,1,-2,14
492,女,31~40,偏胖的,教育,-2,-1,2,1,-2,-2,-2,2,1,2,1,14
493,男,18~25,均匀的,master of school of architecture,-2,2,-1,-2,-1,-2,-2,-2,-2,-2,-3,14
494,男,18~25,偏瘦的,广告,1,1,-2,1,1,-1,2,1,3,2,1,14
495,男,18~25,均匀的,学生,-1,1,1,1,1,1,1,1,-1,-1,-1,14
496,男,18~25,均匀的,学生,1,3,2,1,1,1,2,-1,-1,1,1,14
497,男,18~25,均匀的,学生,3,-1,3,3,3,2,3,-1,1,1,1,14
498,男,18~25,均匀的,学生,3,-2,1,3,-1,-2,3,1,1,2,1,14
499,男,18岁以下,偏瘦的,本科在校学生,1,-1,1,1,1,1,1,1,-1,-2,-1,14
500,男,26~30,偏胖的,学生,1,-2,2,-1,2,-1,2,2,-2,-2,2,14
501,男,26~30,均匀的,颜色科学,-3,3,1,-3,-3,-3,-3,-2,2,-3,-2,14
502,男,26~30,偏胖的,(空),1,2,1,1,1,-1,1,1,-1,-2,-2,14
503,男,26~30,偏瘦的,design master,-2,1,2,-2,-1,-2,-1,1,-2,-1,2,14
504,男,31~40,偏胖的,工业设计,-3,-1,1,-3,-3,-3,-2,1,1,-1,1,14
505,男,31~40,偏胖的,教師,-1,-1,1,1,-1,1,1,1,1,-1,-1,14
506,男,31~40,偏胖的,(空),1,-3,1,-2,-2,-1,1,1,1,1,-1,14
507,男,31~40,偏胖的,design phd,-2,2,-1,3,2,1,-1,-2,2,-2,-1,14
508,男,31~40,偏胖的,(空),-2,-2,-1,2,1,2,-2,-2,-3,-2,-2,14
509,男,41~50,均匀的,教师,-2,-1,1,1,-1,-1,-2,-1,-2,-2,-2,14
510,女,18~25,偏胖的,行銷企劃,2,-2,2,1,-2,-3,2,-2,3,1,-2,15
511,女,18~25,偏胖的,設計師,1,-1,2,-1,1,1,-1,-2,3,-3,-1,15
512,女,18~25,偏瘦的,学生,2,2,2,1,1,2,2,-1,2,-2,-2,15
513,女,18~25,均匀的,财务会计,3,-3,3,3,2,1,3,-1,2,1,3,15
514,女,18~25,均匀的,学生,3,-2,3,2,2,1,1,3,3,-1,3,15
515,女,26~30,均匀的,設計,1,2,3,1,2,1,1,-1,2,-3,-2,15
516,女,26~30,偏胖的,服装,-1,-1,-1,2,2,1,-1,-1,1,2,2,15
517,女,26~30,均匀的,教师,1,2,2,2,2,2,1,-1,2,-1,1,15
518,女,26~30,均匀的,医师,2,1,2,1,2,2,2,-1,2,-2,2,15
519,女,26~30,偏胖的,医学,1,-2,2,2,1,-1,-2,-2,2,-2,-1,15
520,女,26~30,均匀的,服装,1,2,-1,-1,-2,-1,1,-1,1,-1,-1,15
521,女,26~30,均匀的,服装设计,2,1,2,1,-2,-1,2,-2,3,-3,-3,15
522,女,26~30,均匀的,纺织研究助理,2,1,3,1,1,2,1,-1,2,-1,1,15
523,女,31~40,偏瘦的,(空),1,3,1,-1,-2,1,1,-3,-3,-3,-3,15
524,女,31~40,均匀的,(空),2,2,2,3,2,3,2,2,3,3,3,15
525,女,31~40,均匀的,教师,-2,1,-1,1,-1,1,2,-1,1,-1,-1,15
526,女,31~40,偏胖的,教育,-1,-2,1,-1,1,-1,1,1,1,-2,-2,15
527,男,18~25,均匀的,master of school of architecture,3,2,3,3,3,1,3,1,-2,-1,3,15
528,男,18~25,偏瘦的,广告,2,1,1,2,1,-1,-2,-1,3,-3,-3,15
529,男,18~25,均匀的,学生,1,1,1,2,1,1,1,1,1,1,1,15
530,男,18~25,均匀的,学生,1,-2,2,1,1,1,1,-1,-1,-1,1,15
531,男,18~25,均匀的,学生,2,2,3,1,1,2,2,-1,1,-1,-1,15
532,男,18~25,均匀的,学生,3,3,2,1,1,1,2,1,2,1,1,15
533,男,18岁以下,偏瘦的,本科在校学生,1,-1,2,1,1,2,1,1,-2,-2,-1,15
534,男,26~30,偏胖的,学生,2,1,3,3,3,-1,3,1,3,3,3,15
535,男,26~30,均匀的,颜色科学,2,1,2,2,2,2,2,2,2,1,1,15
536,男,26~30,偏胖的,(空),2,3,2,1,1,1,1,1,-1,-1,-2,15
537,男,26~30,偏瘦的,design master,3,2,3,2,3,2,2,1,3,2,2,15
538,男,31~40,偏胖的,工业设计,2,2,2,-1,2,2,2,1,3,1,1,15
539,男,31~40,偏胖的,教師,-1,3,1,1,-1,1,-1,1,1,1,-1,15
540,男,31~40,偏胖的,(空),2,-2,2,-1,1,1,-2,2,2,-2,-2,15
541,男,31~40,偏胖的,design phd,1,-2,1,3,3,-2,2,1,1,-2,-1,15
542,男,31~40,偏胖的,(空),-2,-2,-3,-2,-3,-3,-3,1,-1,-2,-3,15
543,男,41~50,均匀的,教师,1,1,2,1,1,2,1,-2,2,-2,-3,15
544,女,18~25,偏胖的,行銷企劃,-2,-1,2,-3,-3,-3,2,-2,1,-3,-2,16
545,女,18~25,偏胖的,設計師,-3,-2,-3,-3,-3,-3,-3,-3,-3,-3,-3,16
546,女,18~25,偏瘦的,学生,1,-1,1,-1,-2,2,2,-3,3,-3,-3,16
547,女,18~25,均匀的,财务会计,3,-3,3,3,3,2,3,-1,2,1,2,16
548,女,18~25,均匀的,学生,1,-3,2,2,-1,3,2,3,3,-1,1,16
549,女,26~30,均匀的,設計,-2,-2,1,-2,1,1,-2,1,-1,-3,-3,16
550,女,26~30,偏胖的,服装,1,-2,-2,-1,1,2,-1,-1,-1,1,1,16
551,女,26~30,均匀的,教师,1,-2,1,2,2,2,1,-1,2,-1,1,16
552,女,26~30,均匀的,医师,2,-1,2,1,2,1,2,-1,2,-1,2,16
553,女,26~30,偏胖的,医学,1,-2,1,1,-2,1,-1,1,-1,-1,1,16
554,女,26~30,均匀的,服装,-1,-2,2,-1,-1,-1,-1,1,-2,-1,1,16
555,女,26~30,均匀的,服装设计,-2,-1,1,-2,1,-1,-1,-1,-3,-3,-3,16
556,女,26~30,均匀的,纺织研究助理,-2,2,2,-1,1,-1,-3,-1,-3,-2,-2,16
557,女,31~40,偏瘦的,(空),-3,1,1,-3,-3,-3,-3,-2,-3,3,-3,16
558,女,31~40,均匀的,(空),2,-2,2,1,2,1,2,3,3,3,3,16
559,女,31~40,均匀的,教师,-1,-2,1,1,-1,1,-1,-1,-1,-1,-1,16
560,女,31~40,偏胖的,教育,-2,-2,2,-2,-3,-3,-1,-2,-3,-3,-3,16
561,男,18~25,均匀的,master of school of architecture,-1,-2,1,-2,-3,-3,-1,-2,-3,1,-1,16
562,男,18~25,偏瘦的,广告,-1,1,-2,-2,-1,-3,-1,-1,-1,-2,-3,16
563,男,18~25,均匀的,学生,1,-2,2,2,1,1,1,1,1,1,1,16
564,男,18~25,均匀的,学生,1,-3,1,1,1,1,1,1,1,1,1,16
565,男,18~25,均匀的,学生,3,1,3,3,2,2,3,2,3,2,3,16
566,男,18~25,均匀的,学生,3,-2,1,3,2,2,3,1,3,-1,2,16
567,男,18岁以下,偏瘦的,本科在校学生,1,-1,2,1,1,2,1,1,1,-2,-1,16
568,男,26~30,偏胖的,学生,-1,-1,3,-1,-1,-1,3,-2,-1,2,2,16
569,男,26~30,均匀的,颜色科学,-1,1,-1,-2,-2,-3,-2,-1,1,-1,-1,16
570,男,26~30,偏胖的,(空),2,-1,2,2,2,1,2,1,1,-1,-2,16
571,男,26~30,偏瘦的,design master,-2,-1,2,-1,-2,-3,2,1,-2,1,2,16
572,男,31~40,偏胖的,工业设计,-2,1,1,-2,-2,-2,-2,-1,1,-2,-2,16
573,男,31~40,偏胖的,教師,-1,-2,1,1,-1,2,1,1,-1,1,2,16
574,男,31~40,偏胖的,(空),1,-3,1,-2,1,1,-1,1,1,-2,-2,16
575,男,31~40,偏胖的,design phd,-2,-2,-2,1,-2,-2,-1,2,-2,2,3,16
576,男,31~40,偏胖的,(空),-3,-3,2,-3,-3,-3,-1,-2,-2,-3,-3,16
577,男,41~50,均匀的,教师,-2,-1,-1,1,-1,-2,-2,-1,-2,-3,-3,16
578,女,18~25,偏胖的,行銷企劃,3,2,2,1,1,2,1,1,1,2,2,17
579,女,18~25,偏胖的,設計師,-3,-1,-2,-3,-3,-3,-2,-3,-3,-3,-3,17
580,女,18~25,偏瘦的,学生,1,2,2,-2,-3,2,2,-3,3,-3,-3,17
581,女,18~25,均匀的,财务会计,-1,-3,1,3,1,1,1,-1,1,-1,-1,17
582,女,18~25,均匀的,学生,3,1,3,1,1,3,3,-3,3,-1,-1,17
583,女,26~30,均匀的,設計,2,2,2,1,2,2,2,1,1,2,1,17
584,女,26~30,偏胖的,服装,-2,-1,-1,2,2,1,-1,2,-1,2,-1,17
585,女,26~30,均匀的,教师,-1,3,1,1,3,3,-1,-2,3,-2,-1,17
586,女,26~30,均匀的,医师,1,1,2,1,1,1,1,-1,2,-1,1,17
587,女,26~30,偏胖的,医学,2,2,3,2,3,3,3,-2,2,-2,-3,17
588,女,26~30,均匀的,服装,-1,1,-1,-3,-2,-1,-1,-1,-1,-1,-1,17
589,女,26~30,均匀的,服装设计,3,-1,2,-2,2,3,3,-3,-2,-3,-3,17
590,女,26~30,均匀的,纺织研究助理,-1,2,2,-1,-1,-1,1,-2,-3,1,-3,17
591,女,31~40,偏瘦的,(空),-2,3,1,-3,-2,-3,-3,-3,-3,-3,-3,17
592,女,31~40,均匀的,(空),3,-1,2,-1,1,-1,2,2,3,2,1,17
593,女,31~40,均匀的,教师,-1,2,1,-1,-2,-1,-1,-1,1,-1,-1,17
594,女,31~40,偏胖的,教育,-1,-1,2,-2,-3,-2,-2,1,-1,1,-2,17
595,男,18~25,均匀的,master of school of architecture,2,-2,3,2,-1,-2,2,-2,-2,1,1,17
596,男,18~25,偏瘦的,广告,-1,1,-1,-3,-2,-3,-1,-3,-3,-3,-3,17
597,男,18~25,均匀的,学生,1,2,1,1,1,1,1,1,1,1,1,17
598,男,18~25,均匀的,学生,1,1,2,1,1,2,1,1,1,1,1,17
599,男,18~25,均匀的,学生,2,3,2,3,2,3,2,-1,3,-1,2,17
600,男,18~25,均匀的,学生,1,-2,1,1,1,2,-2,1,2,-2,1,17
601,男,18岁以下,偏瘦的,本科在校学生,1,-1,2,1,1,2,1,1,1,-1,-1,17
602,男,26~30,偏胖的,学生,-1,1,3,2,-2,-2,3,-2,1,-1,-2,17
603,男,26~30,均匀的,颜色科学,1,3,1,3,-1,1,-1,1,1,-1,-1,17
604,男,26~30,偏胖的,(空),2,2,2,2,2,2,2,1,1,-1,-2,17
605,男,26~30,偏瘦的,design master,-2,2,2,-1,-3,-3,3,-1,-2,-2,-1,17
606,男,31~40,偏胖的,工业设计,1,3,3,-1,1,1,1,-1,1,1,-3,17
607,男,31~40,偏胖的,教師,1,-2,-1,2,-1,1,1,1,-1,1,1,17
608,男,31~40,偏胖的,(空),1,-2,1,2,1,1,-1,1,1,1,-2,17
609,男,31~40,偏胖的,design phd,-1,-2,1,1,-1,-1,-1,-2,2,-2,-3,17
610,男,31~40,偏胖的,(空),2,-3,1,2,3,-1,-2,-1,-2,-1,-2,17
611,男,41~50,均匀的,教师,-1,1,1,1,-1,-2,-2,1,1,-1,-3,17
612,女,18~25,偏胖的,行銷企劃,2,3,-1,1,-2,-1,-1,-2,-1,1,-2,18
613,女,18~25,偏胖的,設計師,-3,3,-1,-3,1,1,-3,-3,-3,-3,-3,18
614,女,18~25,偏瘦的,学生,1,3,-1,-1,1,1,1,-1,-2,-1,1,18
615,女,18~25,均匀的,财务会计,3,1,3,3,3,1,3,-1,1,-2,2,18
616,女,18~25,均匀的,学生,3,3,3,3,-1,3,-1,-2,-1,-1,-2,18
617,女,26~30,均匀的,設計,1,2,-1,1,1,1,1,-1,-1,-3,-3,18
618,女,26~30,偏胖的,服装,-1,2,1,3,2,2,1,-1,-2,-1,-2,18
619,女,26~30,均匀的,教师,-1,3,-1,1,2,1,-1,-1,2,-3,-2,18
620,女,26~30,均匀的,医师,-1,3,1,-1,1,1,-1,1,1,-2,-2,18
621,女,26~30,偏胖的,医学,-1,2,2,-1,3,3,3,2,-1,1,-1,18
622,女,26~30,均匀的,服装,1,1,1,-1,-1,1,-1,-1,-1,-3,-3,18
623,女,26~30,均匀的,服装设计,3,3,1,2,2,2,3,-3,-1,-3,-3,18
624,女,26~30,均匀的,纺织研究助理,1,3,1,-1,1,2,-1,-2,-3,-3,-2,18
625,女,31~40,偏瘦的,(空),-2,3,-1,1,1,1,1,-3,-3,-3,-3,18
626,女,31~40,均匀的,(空),1,2,-3,3,3,3,2,1,-3,-3,-3,18
627,女,31~40,均匀的,教师,-1,3,1,1,-1,-1,-1,1,-1,1,-1,18
628,女,31~40,偏胖的,教育,2,-2,3,3,3,3,3,3,1,2,3,18
629,男,18~25,均匀的,master of school of architecture,1,1,-1,1,3,1,-1,2,-2,-3,-1,18
630,男,18~25,偏瘦的,广告,1,1,-1,-2,-2,-1,-2,1,-1,2,2,18
631,男,18~25,均匀的,学生,1,-1,2,1,2,1,1,2,1,1,1,18
632,男,18~25,均匀的,学生,-1,2,-1,-1,1,2,-1,-1,1,-1,-1,18
633,男,18~25,均匀的,学生,1,3,1,2,1,1,1,-2,2,-2,-3,18
634,男,18~25,均匀的,学生,2,3,-1,1,1,1,2,1,1,2,-2,18
635,男,18岁以下,偏瘦的,本科在校学生,1,-1,1,-1,1,1,1,1,3,-1,2,18
636,男,26~30,偏胖的,学生,1,2,-1,2,2,1,-3,1,2,-3,-3,18
637,男,26~30,均匀的,颜色科学,3,3,1,3,3,3,3,2,2,2,2,18
638,男,26~30,偏胖的,(空),2,3,2,2,2,2,2,1,1,1,-2,18
639,男,26~30,偏瘦的,design master,1,3,-1,-3,-1,-1,-2,2,-1,-2,-3,18
640,男,31~40,偏胖的,工业设计,3,3,2,1,3,3,2,1,3,-3,-3,18
641,男,31~40,偏胖的,教師,2,3,3,3,3,3,3,3,1,3,1,18
642,男,31~40,偏胖的,(空),-1,3,-2,3,3,3,-3,1,1,-2,-2,18
643,男,31~40,偏胖的,design phd,1,3,2,3,3,3,2,2,2,-3,-2,18
644,男,31~40,偏胖的,(空),2,2,-1,2,-2,1,-1,-1,2,-1,1,18
645,男,41~50,均匀的,教师,-2,2,-2,-2,-2,-2,-1,-1,1,-3,-3,18
646,女,18~25,偏胖的,行銷企劃,-2,3,-1,-3,-2,-1,-2,-2,-1,-3,-3,19
647,女,18~25,偏胖的,設計師,-3,3,-2,-3,-3,1,-3,-3,-3,-3,-3,19
648,女,18~25,偏瘦的,学生,1,2,-1,1,1,-1,1,2,-2,2,2,19
649,女,18~25,均匀的,财务会计,-1,1,-2,3,-1,1,1,-1,-1,-2,2,19
650,女,18~25,均匀的,学生,3,3,3,3,3,2,2,2,-2,3,2,19
651,女,26~30,均匀的,設計,1,2,-1,1,2,1,2,1,-1,-3,-2,19
652,女,26~30,偏胖的,服装,-1,-2,-2,2,1,1,-1,-1,-2,-2,1,19
653,女,26~30,均匀的,教师,-1,3,-1,1,1,1,-1,1,-2,1,2,19
654,女,26~30,均匀的,医师,-2,2,-2,-1,-2,-2,-1,2,-2,2,1,19
655,女,26~30,偏胖的,医学,2,-2,-1,3,3,1,3,3,-1,3,3,19
656,女,26~30,均匀的,服装,1,-1,-1,-1,1,1,-1,1,-3,-3,-3,19
657,女,26~30,均匀的,服装设计,3,2,1,2,2,1,3,-1,-3,-3,-3,19
658,女,26~30,均匀的,纺织研究助理,-1,1,-2,2,2,1,-1,1,-3,-2,-1,19
659,女,31~40,偏瘦的,(空),-2,3,-2,1,2,1,-2,-2,1,-3,-1,19
660,女,31~40,均匀的,(空),1,2,-1,2,2,-1,1,1,-1,1,-2,19
661,女,31~40,均匀的,教师,1,3,-1,1,-1,-1,-1,-1,-1,-1,1,19
662,女,31~40,偏胖的,教育,-1,2,2,2,2,3,-2,2,-1,2,1,19
663,男,18~25,均匀的,master of school of architecture,-1,1,-1,2,3,-2,1,2,-2,-3,-1,19
664,男,18~25,偏瘦的,广告,1,1,1,2,1,1,2,2,-1,2,1,19
665,男,18~25,均匀的,学生,1,-2,1,1,1,1,1,1,1,1,1,19
666,男,18~25,均匀的,学生,-1,-2,-1,1,1,1,1,1,-1,-1,1,19
667,男,18~25,均匀的,学生,-1,3,-1,1,-1,-1,1,1,-1,1,1,19
668,男,18~25,均匀的,学生,-2,2,-2,-1,-1,-2,-1,-1,-2,-2,-2,19
669,男,18岁以下,偏瘦的,本科在校学生,-1,1,-1,1,1,-1,-1,1,-1,-1,-3,19
670,男,26~30,偏胖的,学生,-1,2,2,1,2,-2,2,1,-2,2,3,19
671,男,26~30,均匀的,颜色科学,1,3,1,2,1,1,1,1,1,1,-1,19
672,男,26~30,偏胖的,(空),1,3,-1,1,1,1,-1,1,-1,1,1,19
673,男,26~30,偏瘦的,design master,1,2,-1,-2,2,-1,-2,-1,2,-3,1,19
674,男,31~40,偏胖的,工业设计,2,3,1,1,2,2,2,1,2,-3,-2,19
675,男,31~40,偏胖的,教師,1,3,2,2,1,2,1,2,1,2,2,19
676,男,31~40,偏胖的,(空),-1,-3,-2,2,1,1,-1,1,2,-2,2,19
677,男,31~40,偏胖的,design phd,1,2,1,3,2,2,1,1,2,-1,1,19
678,男,31~40,偏胖的,(空),2,-1,1,2,2,-1,-2,3,2,2,-1,19
679,男,41~50,均匀的,教师,1,2,-1,1,-1,-2,-1,-1,-2,1,-1,19
680,女,18~25,偏胖的,行銷企劃,-2,-2,-2,-1,-3,-2,-1,-1,-2,-3,-3,20
681,女,18~25,偏胖的,設計師,-1,2,-1,1,-1,-1,-1,-1,-2,-1,-1,20
682,女,18~25,偏瘦的,学生,1,2,-1,-1,1,-1,1,-1,-2,-2,1,20
683,女,18~25,均匀的,财务会计,1,1,1,3,1,1,2,-1,-1,-1,1,20
684,女,18~25,均匀的,学生,1,-3,1,1,-1,-2,-1,-1,1,1,-1,20
685,女,26~30,均匀的,設計,-1,-2,-1,1,-1,-1,1,1,-1,2,1,20
686,女,26~30,偏胖的,服装,-1,-2,1,2,-1,1,-2,-1,-2,1,1,20
687,女,26~30,均匀的,教师,-1,1,-1,-1,2,2,-1,1,-1,-3,-2,20
688,女,26~30,均匀的,医师,-1,-1,1,1,1,1,-1,-1,-2,-2,-2,20
689,女,26~30,偏胖的,医学,1,-2,2,2,3,2,2,2,2,1,2,20
690,女,26~30,均匀的,服装,1,-2,-1,1,-1,-1,1,1,-2,-1,1,20
691,女,26~30,均匀的,服装设计,-2,-1,-1,3,-2,-2,-2,3,-3,3,-2,20
692,女,26~30,均匀的,纺织研究助理,1,-1,-1,2,1,2,-1,2,-2,2,-1,20
693,女,31~40,偏瘦的,(空),-2,3,-2,2,-2,1,-2,2,-2,2,1,20
694,女,31~40,均匀的,(空),-1,-2,-2,1,1,2,1,1,-2,-2,-1,20
695,女,31~40,均匀的,教师,1,-1,-1,-1,1,-1,-1,-1,-2,-1,1,20
696,女,31~40,偏胖的,教育,-2,-2,-2,3,3,-3,2,3,-2,3,3,20
697,男,18~25,均匀的,master of school of architecture,1,-2,1,1,-2,-2,1,1,-2,1,-1,20
698,男,18~25,偏瘦的,广告,-1,1,-1,2,-1,-2,1,-1,-2,3,2,20
699,男,18~25,均匀的,学生,1,-1,1,1,1,1,2,2,2,1,1,20
700,男,18~25,均匀的,学生,1,-2,1,1,1,1,1,1,-1,1,1,20
701,男,18~25,均匀的,学生,-1,-2,-1,-2,-1,-1,-1,-1,-1,1,-2,20
702,男,18~25,均匀的,学生,1,-2,-1,1,2,2,1,-1,1,2,1,20
703,男,18岁以下,偏瘦的,本科在校学生,-1,-1,-1,1,1,1,-1,1,-2,-2,-3,20
704,男,26~30,偏胖的,学生,-2,-1,-2,1,-1,1,2,1,-1,2,1,20
705,男,26~30,均匀的,颜色科学,2,3,-2,2,3,2,2,2,-2,2,2,20
706,男,26~30,偏胖的,(空),1,-1,1,1,1,-1,-1,1,-1,-3,-3,20
707,男,26~30,偏瘦的,design master,-2,1,-1,2,-2,-2,1,2,-2,2,2,20
708,男,31~40,偏胖的,工业设计,-1,3,-2,1,1,1,-1,1,1,1,-1,20
709,男,31~40,偏胖的,教師,1,-2,2,2,2,2,2,2,1,-1,1,20
710,男,31~40,偏胖的,(空),-1,-3,-2,-1,2,-2,2,1,-2,2,1,20
711,男,31~40,偏胖的,design phd,-1,-2,-1,3,1,-1,-1,1,-2,1,2,20
712,男,31~40,偏胖的,(空),-3,-2,-2,-2,-2,-3,-3,-1,1,-2,-2,20
713,男,41~50,均匀的,教师,-1,-1,-2,1,-1,-2,-2,-1,-1,1,1,20
714,女,18~25,偏胖的,行銷企劃,-1,3,-2,-1,-1,-1,2,-2,2,-3,-3,21
715,女,18~25,偏胖的,設計師,-3,3,-2,-3,-2,2,-2,-3,2,-3,-3,21
716,女,18~25,偏瘦的,学生,1,3,1,-1,1,2,2,-1,2,-2,1,21
717,女,18~25,均匀的,财务会计,1,1,-1,3,2,1,1,-1,1,-1,-1,21
718,女,18~25,均匀的,学生,1,3,1,2,1,-1,2,1,-1,-2,-1,21
719,女,26~30,均匀的,設計,-1,2,1,1,1,1,-1,-1,1,-3,-3,21
720,女,26~30,偏胖的,服装,-1,3,3,2,2,1,1,-2,2,2,1,21
721,女,26~30,均匀的,教师,1,3,1,1,2,2,-1,1,-3,-3,-3,21
722,女,26~30,均匀的,医师,1,3,1,1,1,1,-1,-1,-1,-2,-1,21
723,女,26~30,偏胖的,医学,1,2,2,3,2,1,2,1,2,2,1,21
724,女,26~30,均匀的,服装,-1,2,1,-2,1,1,-2,-1,-1,-3,-3,21
725,女,26~30,均匀的,服装设计,2,3,2,-2,3,-1,2,1,3,-3,-3,21
726,女,26~30,均匀的,纺织研究助理,1,2,1,2,2,3,1,-2,-3,-2,-2,21
727,女,31~40,偏瘦的,(空),-1,3,1,1,2,3,-2,-2,1,-3,1,21
728,女,31~40,均匀的,(空),1,2,-2,2,3,3,2,-1,2,-3,-3,21
729,女,31~40,均匀的,教师,-1,2,-2,-2,1,-1,-1,-1,1,-1,-1,21
730,女,31~40,偏胖的,教育,-3,3,1,1,2,3,-3,1,2,-3,-3,21
731,男,18~25,均匀的,master of school of architecture,2,2,2,2,3,1,1,1,2,-1,-1,21
732,男,18~25,偏瘦的,广告,1,1,-2,-3,-3,-3,-3,-3,1,-3,-3,21
733,男,18~25,均匀的,学生,1,1,2,2,1,1,1,1,1,2,1,21
734,男,18~25,均匀的,学生,1,3,-1,1,2,1,1,1,-1,1,1,21
735,男,18~25,均匀的,学生,1,2,-1,2,1,1,1,-1,-1,-1,-2,21
736,男,18~25,均匀的,学生,2,3,1,1,1,2,1,1,1,-2,-1,21
737,男,18岁以下,偏瘦的,本科在校学生,2,1,1,1,1,1,1,1,-1,1,2,21
738,男,26~30,偏胖的,学生,1,2,-1,1,2,1,-2,1,2,-1,1,21
739,男,26~30,均匀的,颜色科学,3,3,-2,3,3,3,3,2,2,2,2,21
740,男,26~30,偏胖的,(空),1,2,-1,1,1,-1,1,1,-1,-3,-3,21
741,男,26~30,偏瘦的,design master,-2,2,2,-2,3,2,-2,1,1,-2,-2,21
742,男,31~40,偏胖的,工业设计,3,3,2,1,3,3,2,1,3,-3,-3,21
743,男,31~40,偏胖的,教師,1,3,2,2,1,1,2,1,1,2,2,21
744,男,31~40,偏胖的,(空),2,-2,2,3,3,3,-2,2,2,-2,3,21
745,男,31~40,偏胖的,design phd,-1,2,-1,2,1,2,1,-1,2,-3,-3,21
746,男,31~40,偏胖的,(空),-1,2,2,2,3,2,1,2,3,-1,-2,21
747,男,41~50,均匀的,教师,1,1,1,1,2,2,-1,1,2,-2,-2,21
748,女,18~25,偏胖的,行銷企劃,1,3,2,1,-1,2,-2,-1,3,-2,-3,22
749,女,18~25,偏胖的,設計師,-2,3,1,-1,1,2,-2,-3,3,-3,-3,22
750,女,18~25,偏瘦的,学生,2,3,1,-1,1,1,1,-1,-2,-2,-2,22
751,女,18~25,均匀的,财务会计,3,1,3,3,1,1,3,-1,2,1,2,22
752,女,18~25,均匀的,学生,3,3,3,3,3,3,3,3,3,3,3,22
753,女,26~30,均匀的,設計,1,2,3,1,1,1,1,-1,3,-3,-3,22
754,女,26~30,偏胖的,服装,2,3,2,2,1,-1,1,-2,3,-2,2,22
755,女,26~30,均匀的,教师,2,3,2,2,3,2,3,-1,1,-1,1,22
756,女,26~30,均匀的,医师,2,3,2,-1,2,2,2,-1,2,-2,1,22
757,女,26~30,偏胖的,医学,-1,2,1,1,2,1,1,2,1,2,1,22
758,女,26~30,均匀的,服装,1,3,1,-3,1,1,1,1,3,-3,-3,22
759,女,26~30,均匀的,服装设计,3,3,2,3,2,3,2,1,3,-3,-3,22
760,女,26~30,均匀的,纺织研究助理,-1,3,1,2,2,3,-1,-1,2,-2,-1,22
761,女,31~40,偏瘦的,(空),2,3,2,2,2,3,2,-2,-3,-3,-3,22
762,女,31~40,均匀的,(空),2,3,2,2,3,3,3,1,3,-1,2,22
763,女,31~40,均匀的,教师,1,3,-1,-1,-1,1,-1,-1,-1,-1,1,22
764,女,31~40,偏胖的,教育,-2,3,2,3,-2,3,-1,2,3,3,3,22
765,男,18~25,均匀的,master of school of architecture,1,2,1,3,3,1,1,-1,-2,-2,2,22
766,男,18~25,偏瘦的,广告,2,-1,2,2,1,-2,2,1,3,2,2,22
767,男,18~25,均匀的,学生,1,2,1,2,1,1,1,-1,1,2,1,22
768,男,18~25,均匀的,学生,1,-2,1,-1,1,-1,1,-1,-1,-1,-1,22
769,男,18~25,均匀的,学生,2,3,2,2,2,2,2,-1,1,-1,-1,22
770,男,18~25,均匀的,学生,1,3,2,1,2,-1,3,1,1,-1,2,22
771,男,18岁以下,偏瘦的,本科在校学生,1,-1,1,-1,-1,-1,1,1,-1,-2,-2,22
772,男,26~30,偏胖的,学生,1,2,2,2,2,1,2,2,2,2,1,22
773,男,26~30,均匀的,颜色科学,3,3,3,3,3,3,3,3,3,2,3,22
774,男,26~30,偏胖的,(空),1,3,1,2,1,-1,1,1,-1,-2,-2,22
775,男,26~30,偏瘦的,design master,-2,3,2,-3,-1,2,-2,1,2,-2,-3,22
776,男,31~40,偏胖的,工业设计,3,3,2,2,3,3,3,1,3,1,1,22
777,男,31~40,偏胖的,教師,2,2,3,3,3,2,3,2,1,3,3,22
778,男,31~40,偏胖的,(空),2,1,2,2,2,2,-2,2,3,-1,3,22
779,男,31~40,偏胖的,design phd,1,3,1,3,1,1,1,-2,3,-2,-3,22
780,男,31~40,偏胖的,(空),3,3,2,2,3,3,-1,-2,3,-3,-3,22
781,男,41~50,均匀的,教师,1,3,2,1,-2,-2,-1,1,2,-2,-2,22
782,女,18~25,偏胖的,行銷企劃,3,-1,1,1,-1,-2,1,-1,3,1,1,23
783,女,18~25,偏胖的,設計師,-1,2,1,-2,2,2,-2,-3,3,-3,-3,23
784,女,18~25,偏瘦的,学生,1,2,-2,1,1,-1,1,2,2,1,2,23
785,女,18~25,均匀的,财务会计,1,1,2,3,-1,-1,2,1,1,1,3,23
786,女,18~25,均匀的,学生,-2,1,1,1,-1,-2,1,1,-1,2,-1,23
787,女,26~30,均匀的,設計,1,2,1,1,2,1,1,-1,1,-1,-2,23
788,女,26~30,偏胖的,服装,2,-2,-1,-1,1,2,2,-1,1,-1,1,23
789,女,26~30,均匀的,教师,-1,3,1,1,-1,-2,-1,1,-2,-1,-1,23
790,女,26~30,均匀的,医师,-2,1,-2,-2,-2,-2,-2,1,-2,-2,-2,23
791,女,26~30,偏胖的,医学,1,2,1,2,1,2,2,1,2,1,1,23
792,女,26~30,均匀的,服装,-2,2,1,-1,1,1,-1,-3,3,-3,-3,23
793,女,26~30,均匀的,服装设计,3,2,3,3,3,3,3,1,3,-3,-3,23
794,女,26~30,均匀的,纺织研究助理,1,3,2,2,2,1,1,-2,-1,-3,-1,23
795,女,31~40,偏瘦的,(空),2,3,2,1,2,3,2,-3,-3,-3,-3,23
796,女,31~40,均匀的,(空),2,2,2,1,2,1,2,1,3,-1,1,23
797,女,31~40,均匀的,教师,1,3,-2,-1,1,-1,-1,-2,-1,1,1,23
798,女,31~40,偏胖的,教育,1,-2,1,2,2,3,-1,-1,2,1,2,23
799,男,18~25,均匀的,master of school of architecture,3,1,3,3,3,1,3,-2,-2,-1,3,23
800,男,18~25,偏瘦的,广告,2,-1,1,1,-2,-2,1,-1,3,1,1,23
801,男,18~25,均匀的,学生,1,1,1,1,1,1,1,1,1,1,1,23
802,男,18~25,均匀的,学生,1,-2,1,-1,-1,-1,1,-1,-1,-1,1,23
803,男,18~25,均匀的,学生,-1,3,1,-2,-1,-1,-1,2,2,1,2,23
804,男,18~25,均匀的,学生,-1,3,1,-1,-1,-1,1,1,1,1,1,23
805,男,18岁以下,偏瘦的,本科在校学生,-2,1,-1,-3,-1,-1,-2,1,-2,-2,-1,23
806,男,26~30,偏胖的,学生,-1,2,2,2,-2,-1,2,-1,2,1,1,23
807,男,26~30,均匀的,颜色科学,2,2,2,2,2,2,2,2,2,2,3,23
808,男,26~30,偏胖的,(空),-1,2,1,1,-1,-1,-1,1,-1,1,-1,23
809,男,26~30,偏瘦的,design master,2,3,3,2,3,2,1,-1,3,-1,2,23
810,男,31~40,偏胖的,工业设计,2,3,2,-2,1,1,2,1,2,1,1,23
811,男,31~40,偏胖的,教師,1,2,1,2,1,1,1,-1,-1,1,1,23
812,男,31~40,偏胖的,(空),2,1,2,1,2,2,-2,3,3,-2,2,23
813,男,31~40,偏胖的,design phd,1,1,1,-2,1,1,1,1,3,1,-3,23
814,男,31~40,偏胖的,(空),-1,2,3,2,3,3,2,2,3,-2,-3,23
815,男,41~50,均匀的,教师,1,2,1,-1,1,1,1,1,1,-1,-2,23
816,女,18~25,偏胖的,行銷企劃,3,-1,2,-1,-3,-3,2,-2,3,1,-3,24
817,女,18~25,偏胖的,設計師,-2,1,1,-1,-1,2,-2,-3,2,-3,-3,24
818,女,18~25,偏瘦的,学生,-1,2,1,-3,-2,2,1,-3,3,-3,-3,24
819,女,18~25,均匀的,财务会计,3,1,3,3,3,2,3,-1,3,3,2,24
820,女,18~25,均匀的,学生,3,1,3,3,3,3,3,3,3,3,3,24
821,女,26~30,均匀的,設計,1,2,1,1,2,1,1,-1,1,-2,-2,24
822,女,26~30,偏胖的,服装,-2,-2,1,2,2,1,-1,-2,-1,-1,1,24
823,女,26~30,均匀的,教师,2,2,1,3,3,1,3,-1,2,-1,2,24
824,女,26~30,均匀的,医师,2,1,2,1,2,2,2,-1,3,-1,3,24
825,女,26~30,偏胖的,医学,3,-1,2,3,2,3,3,-2,2,2,2,24
826,女,26~30,均匀的,服装,-1,2,-1,-2,-2,1,-2,-1,1,-2,-1,24
827,女,26~30,均匀的,服装设计,3,2,3,3,3,3,3,-3,2,-3,-3,24
828,女,26~30,均匀的,纺织研究助理,2,3,3,3,2,2,2,1,3,1,2,24
829,女,31~40,偏瘦的,(空),1,2,2,1,1,2,1,-3,-3,-3,-3,24
830,女,31~40,均匀的,(空),2,-1,3,2,2,2,2,-1,3,-2,-1,24
831,女,31~40,均匀的,教师,-2,2,-1,1,-1,-1,1,1,-2,-1,-1,24
832,女,31~40,偏胖的,教育,-1,3,2,-1,-2,-2,-2,-2,1,-1,-2,24
833,男,18~25,均匀的,master of school of architecture,2,2,3,2,1,1,3,-2,-1,1,1,24
834,男,18~25,偏瘦的,广告,1,1,-1,-1,-2,-2,-1,-3,-1,-2,-3,24
835,男,18~25,均匀的,学生,1,-1,1,1,1,1,1,1,1,1,1,24
836,男,18~25,均匀的,学生,1,3,2,1,1,1,2,1,1,1,1,24
837,男,18~25,均匀的,学生,3,3,2,2,2,1,2,-1,3,-1,2,24
838,男,18~25,均匀的,学生,3,2,2,1,2,1,3,2,3,3,3,24
839,男,18岁以下,偏瘦的,本科在校学生,2,-1,2,1,2,2,2,3,3,1,3,24
840,男,26~30,偏胖的,学生,-2,2,2,2,-2,-2,3,-1,1,1,1,24
841,男,26~30,均匀的,颜色科学,1,2,2,2,2,2,2,2,2,2,2,24
842,男,26~30,偏胖的,(空),2,3,2,2,2,2,2,1,1,1,-1,24
843,男,26~30,偏瘦的,design master,-1,2,3,-2,2,2,-1,-1,3,-2,2,24
844,男,31~40,偏胖的,工业设计,2,3,3,-1,1,1,2,1,1,1,1,24
845,男,31~40,偏胖的,教師,-1,2,1,2,1,1,1,1,1,1,2,24
846,男,31~40,偏胖的,(空),2,-1,2,-1,1,1,-2,2,2,-1,1,24
847,男,31~40,偏胖的,design phd,-1,-2,2,-1,-1,-1,1,-1,1,-2,-3,24
848,男,31~40,偏胖的,(空),1,-2,2,2,3,-1,2,-1,2,-2,2,24
849,男,41~50,均匀的,教师,1,1,1,1,-2,-2,-2,1,2,-2,-2,24
850,女,18~25,偏胖的,行銷企劃,3,-1,2,2,1,1,2,-1,2,1,1,25
851,女,18~25,偏胖的,設計師,1,1,-1,1,1,2,-1,-2,1,-3,-3,25
852,女,18~25,偏瘦的,学生,1,2,-1,1,1,-2,1,2,2,2,2,25
853,女,18~25,均匀的,财务会计,-2,-1,-2,3,-2,-1,-1,-1,1,-1,2,25
854,女,18~25,均匀的,学生,1,1,-1,-1,1,1,-2,-3,1,-1,-3,25
855,女,26~30,均匀的,設計,-1,2,-1,-1,1,-1,-1,-1,-1,-3,-2,25
856,女,26~30,偏胖的,服装,-3,-2,-2,-1,-2,-1,-2,-2,2,-1,-3,25
857,女,26~30,均匀的,教师,-2,1,-1,-1,-2,-2,-2,1,-2,-2,-2,25
858,女,26~30,均匀的,医师,-2,1,-1,-2,-2,-1,-2,1,1,-1,1,25
859,女,26~30,偏胖的,医学,2,2,1,3,3,2,3,-1,2,1,2,25
860,女,26~30,均匀的,服装,-1,2,-1,-3,-1,1,1,-1,-1,-3,-1,25
861,女,26~30,均匀的,服装设计,3,1,2,1,2,3,-1,-2,3,-2,-3,25
862,女,26~30,均匀的,纺织研究助理,1,3,3,2,1,2,1,1,1,1,2,25
863,女,31~40,偏瘦的,(空),-2,1,-1,-3,-2,1,-2,-3,-3,-3,-3,25
864,女,31~40,均匀的,(空),3,2,2,1,-3,-2,2,2,3,3,1,25
865,女,31~40,均匀的,教师,-2,1,1,1,-1,1,-2,1,-1,-1,1,25
866,女,31~40,偏胖的,教育,3,-2,2,1,3,2,3,1,2,3,3,25
867,男,18~25,均匀的,master of school of architecture,3,1,3,3,3,1,3,-2,1,-1,3,25
868,男,18~25,偏瘦的,广告,-1,1,1,-3,-1,-2,-1,-1,-1,-2,-3,25
869,男,18~25,均匀的,学生,1,1,1,1,1,1,1,2,1,1,1,25
870,男,18~25,均匀的,学生,-1,-2,-1,-1,1,2,-1,-1,1,-1,-1,25
871,男,18~25,均匀的,学生,-2,3,1,-2,-3,-3,-2,1,1,1,1,25
872,男,18~25,均匀的,学生,-2,2,-1,-3,-2,-1,-2,-1,-1,-2,-2,25
873,男,18岁以下,偏瘦的,本科在校学生,-2,1,1,-1,-1,-1,-1,1,1,-2,-2,25
874,男,26~30,偏胖的,学生,2,1,1,2,1,-1,3,-1,3,1,3,25
875,男,26~30,均匀的,颜色科学,1,2,1,1,1,1,1,1,1,1,-1,25
876,男,26~30,偏胖的,(空),-1,1,1,1,1,2,1,1,-1,1,-1,25
877,男,26~30,偏瘦的,design master,2,2,2,-2,2,1,1,-2,2,-2,1,25
878,男,31~40,偏胖的,工业设计,2,3,3,-2,1,2,2,-1,3,-3,-3,25
879,男,31~40,偏胖的,教師,1,2,1,1,-1,1,1,1,1,-2,1,25
880,男,31~40,偏胖的,(空),3,-2,2,3,3,3,-1,2,2,-1,2,25
881,男,31~40,偏胖的,design phd,2,-1,2,-1,-3,-3,-1,-1,-1,-2,-3,25
882,男,31~40,偏胖的,(空),2,-2,1,-2,2,2,1,2,1,1,-2,25
883,男,41~50,均匀的,教师,-1,1,1,-2,1,-1,-1,-1,2,-3,-2,25
884,女,18~25,偏胖的,行銷企劃,2,-2,1,-2,-3,-3,2,-2,1,-2,-3,26
885,女,18~25,偏胖的,設計師,-2,-2,-2,-3,-2,-2,-2,-3,-2,-2,-3,26
886,女,18~25,偏瘦的,学生,1,1,1,-3,-2,2,1,-2,-3,-3,-3,26
887,女,18~25,均匀的,财务会计,1,-3,-1,3,2,2,1,-1,1,-1,1,26
888,女,18~25,均匀的,学生,-1,-3,-1,3,-2,3,-1,-2,-2,-2,-1,26
889,女,26~30,均匀的,設計,-2,-2,-1,-2,1,-1,-1,1,-1,-3,-3,26
890,女,26~30,偏胖的,服装,1,-2,-2,-1,-1,1,1,-2,-1,1,-1,26
891,女,26~30,均匀的,教师,-1,-1,-1,-1,3,2,-1,1,-1,-3,-2,26
892,女,26~30,均匀的,医师,-2,-2,-1,-1,-1,-1,-2,-1,-2,-3,-2,26
893,女,26~30,偏胖的,医学,1,-2,2,-2,2,2,-2,-1,2,-1,-3,26
894,女,26~30,均匀的,服装,1,-2,1,-1,-1,-1,-1,1,-3,-2,-2,26
895,女,26~30,均匀的,服装设计,-1,-3,-2,-3,-3,-3,-1,1,1,-3,-3,26
896,女,26~30,均匀的,纺织研究助理,-2,-1,-1,1,1,1,-1,-1,2,1,1,26
897,女,31~40,偏瘦的,(空),-3,-2,-3,1,-3,-3,-3,2,-1,3,-3,26
898,女,31~40,均匀的,(空),-2,-2,-1,-2,2,-2,2,3,1,3,3,26
899,女,31~40,均匀的,教师,-2,-2,-1,-1,-1,1,-1,-1,-2,1,1,26
900,女,31~40,偏胖的,教育,-2,-2,2,-2,-2,-3,-1,-2,-3,-3,-2,26
901,男,18~25,均匀的,master of school of architecture,-1,-1,-1,1,-3,-3,1,-2,-2,2,2,26
902,男,18~25,偏瘦的,广告,-1,1,1,-1,-1,-2,2,1,-3,3,2,26
903,男,18~25,均匀的,学生,1,-2,2,2,2,1,1,2,1,1,1,26
904,男,18~25,均匀的,学生,-1,-2,-1,1,1,2,1,1,-1,-1,-1,26
905,男,18~25,均匀的,学生,1,-2,-1,-1,1,1,-1,-2,-2,-2,-3,26
906,男,18~25,均匀的,学生,-2,-1,-2,-2,-1,-1,-2,-3,-1,-3,-2,26
907,男,18岁以下,偏瘦的,本科在校学生,2,-1,2,1,1,2,2,1,2,-2,1,26
908,男,26~30,偏胖的,学生,3,-1,2,2,-2,-2,3,-1,-2,2,2,26
909,男,26~30,均匀的,颜色科学,-1,2,-2,-2,-3,-3,-1,-1,-1,-1,-1,26
910,男,26~30,偏胖的,(空),1,-1,1,2,2,1,-1,1,1,-1,-1,26
911,男,26~30,偏瘦的,design master,-1,1,2,-2,-1,-3,2,1,2,2,1,26
912,男,31~40,偏胖的,工业设计,-2,1,-1,-3,-3,-3,-1,1,-3,2,1,26
913,男,31~40,偏胖的,教師,-2,-2,-2,-2,-2,-3,-2,-1,-2,-2,-2,26
914,男,31~40,偏胖的,(空),1,-3,1,-2,1,-2,2,2,2,2,1,26
915,男,31~40,偏胖的,design phd,-1,-3,1,-1,1,-1,1,-1,-3,1,-2,26
916,男,31~40,偏胖的,(空),2,-3,-1,2,-2,-1,2,2,1,2,-1,26
917,男,41~50,均匀的,教师,-2,1,-2,1,-1,-3,-3,1,-2,2,-3,26
918,女,18~25,偏胖的,行銷企劃,1,3,-2,-1,1,-2,2,-2,1,-3,-3,27
919,女,18~25,偏胖的,設計師,-1,3,-1,-1,1,1,-1,-3,3,-3,-3,27
920,女,18~25,偏瘦的,学生,1,3,-1,-1,1,1,1,-1,1,-1,-2,27
921,女,18~25,均匀的,财务会计,-1,1,-2,3,1,-1,-1,1,-1,-2,-1,27
922,女,18~25,均匀的,学生,-1,3,-1,-1,1,1,-1,-2,-2,-2,-1,27
923,女,26~30,均匀的,設計,1,2,-1,1,2,1,1,-1,-1,1,-3,27
924,女,26~30,偏胖的,服装,-2,3,1,-1,1,1,-1,-1,2,-1,1,27
925,女,26~30,均匀的,教师,-1,2,-1,1,1,1,-1,1,-2,-3,-2,27
926,女,26~30,均匀的,医师,-1,2,-1,1,1,1,-1,1,-1,-1,1,27
927,女,26~30,偏胖的,医学,-1,2,2,1,-1,2,2,2,-1,1,-1,27
928,女,26~30,均匀的,服装,-1,1,1,-1,1,1,-1,-1,-1,-1,-1,27
929,女,26~30,均匀的,服装设计,3,2,1,-3,2,2,1,-3,-1,-3,-3,27
930,女,26~30,均匀的,纺织研究助理,1,-1,-1,1,1,3,1,-1,-3,-3,-3,27
931,女,31~40,偏瘦的,(空),2,3,1,2,3,2,2,-3,1,-3,2,27
932,女,31~40,均匀的,(空),2,2,-2,2,3,3,2,-1,1,-3,-2,27
933,女,31~40,均匀的,教师,-1,3,-2,-1,-1,1,-1,-1,-1,-2,1,27
934,女,31~40,偏胖的,教育,2,2,-2,1,3,2,-2,1,1,-2,2,27
935,男,18~25,均匀的,master of school of architecture,3,1,3,3,3,3,3,1,-2,-2,2,27
936,男,18~25,偏瘦的,广告,2,1,1,-2,-3,-2,-2,-1,2,-2,-1,27
937,男,18~25,均匀的,学生,1,-3,1,2,1,1,1,2,1,1,1,27
938,男,18~25,均匀的,学生,1,3,-1,1,2,1,1,1,-1,1,2,27
939,男,18~25,均匀的,学生,1,3,-1,3,2,2,2,2,1,2,2,27
940,男,18~25,均匀的,学生,-1,2,-1,-1,1,-1,-3,1,-2,-3,-3,27
941,男,18岁以下,偏瘦的,本科在校学生,-1,1,-1,1,1,2,1,1,-1,-2,-1,27
942,男,26~30,偏胖的,学生,2,1,1,2,2,3,-2,3,3,1,-2,27
943,男,26~30,均匀的,颜色科学,2,2,-1,3,3,3,3,2,2,2,2,27
944,男,26~30,偏胖的,(空),1,3,-1,2,1,1,-1,1,-1,-1,-1,27
945,男,26~30,偏瘦的,design master,2,3,-1,-3,3,1,2,-1,3,-2,-3,27
946,男,31~40,偏胖的,工业设计,3,3,1,2,3,3,2,1,3,-3,-3,27
947,男,31~40,偏胖的,教師,-2,-2,-1,-1,-1,-2,-2,-1,-2,-1,-1,27
948,男,31~40,偏胖的,(空),-2,-2,-2,3,3,3,-1,-1,2,-2,-2,27
949,男,31~40,偏胖的,design phd,-2,3,1,1,2,1,1,-1,3,-2,-3,27
950,男,31~40,偏胖的,(空),3,1,1,2,-2,2,-1,-1,-2,2,2,27
951,男,41~50,均匀的,教师,1,2,1,1,-1,2,1,1,2,-2,-2,27
952,女,18~25,偏胖的,行銷企劃,2,-2,-3,-1,-2,-3,2,-1,1,1,-1,28
953,女,18~25,偏胖的,設計師,-3,-2,-2,-2,-1,1,-1,-3,-3,-3,-3,28
954,女,18~25,偏瘦的,学生,1,3,-1,1,1,1,1,2,-3,2,3,28
955,女,18~25,均匀的,财务会计,1,1,1,3,2,1,1,1,-1,-1,1,28
956,女,18~25,均匀的,学生,1,-3,1,1,-1,-1,1,-1,-1,1,-2,28
957,女,26~30,均匀的,設計,-1,-2,-1,1,1,-1,1,-1,-2,-2,-2,28
958,女,26~30,偏胖的,服装,-1,-2,1,2,1,-1,-2,-2,1,-1,-1,28
959,女,26~30,均匀的,教师,-1,2,-1,1,1,2,-1,1,-1,-2,-2,28
960,女,26~30,均匀的,医师,-2,1,-1,-2,-2,-2,-2,-1,-2,-2,-3,28
961,女,26~30,偏胖的,医学,1,-1,-1,-2,1,1,-1,-1,1,2,2,28
962,女,26~30,均匀的,服装,1,1,1,1,1,1,1,-1,-3,1,-1,28
963,女,26~30,均匀的,服装设计,2,2,1,2,2,2,-2,-3,-3,-3,-3,28
964,女,26~30,均匀的,纺织研究助理,1,-1,1,2,1,1,2,-1,-1,-2,1,28
965,女,31~40,偏瘦的,(空),-1,3,-2,2,1,1,1,1,1,1,1,28
966,女,31~40,均匀的,(空),2,-2,-2,1,2,3,1,-1,-2,-2,-3,28
967,女,31~40,均匀的,教师,1,2,-1,-2,1,-1,1,-1,-2,-2,1,28
968,女,31~40,偏胖的,教育,3,-2,-2,3,3,-1,3,2,-1,3,3,28
969,男,18~25,均匀的,master of school of architecture,3,-2,3,3,2,-1,3,2,-2,2,3,28
970,男,18~25,偏瘦的,广告,-2,-1,-1,3,-3,-3,-1,2,-3,3,1,28
971,男,18~25,均匀的,学生,1,-1,2,1,1,1,1,1,1,1,1,28
972,男,18~25,均匀的,学生,1,-2,1,1,1,1,1,1,-1,-1,1,28
973,男,18~25,均匀的,学生,-1,3,-1,-2,1,-1,-1,1,-1,1,-2,28
974,男,18~25,均匀的,学生,1,2,-1,1,1,1,2,1,-1,-1,1,28
975,男,18岁以下,偏瘦的,本科在校学生,-2,-2,1,-1,-1,-1,-2,1,-2,-2,-1,28
976,男,26~30,偏胖的,学生,2,1,1,2,2,-1,2,2,-1,2,-1,28
977,男,26~30,均匀的,颜色科学,3,2,-3,3,3,3,3,3,-2,3,3,28
978,男,26~30,偏胖的,(空),-1,1,1,1,1,-1,-1,1,-1,-3,-3,28
979,男,26~30,偏瘦的,design master,2,2,-2,2,3,-1,2,1,-1,3,3,28
980,男,31~40,偏胖的,工业设计,1,2,-1,-1,-1,-2,-1,1,-1,1,1,28
981,男,31~40,偏胖的,教師,1,-2,2,3,3,3,2,2,1,1,2,28
982,男,31~40,偏胖的,(空),-1,-2,-2,1,2,1,2,2,1,1,2,28
983,男,31~40,偏胖的,design phd,-2,1,-2,-1,-1,-1,-1,-2,-2,1,-3,28
984,男,31~40,偏胖的,(空),3,-2,1,3,1,-2,2,-1,2,-2,-1,28
985,男,41~50,均匀的,教师,1,2,-1,1,-1,-2,-1,1,2,-2,-1,28
986,女,18~25,偏胖的,行銷企劃,2,3,-2,2,1,-1,2,-2,3,-2,-2,29
987,女,18~25,偏胖的,設計師,-1,2,1,-3,-1,3,-3,-3,3,-3,-3,29
988,女,18~25,偏瘦的,学生,1,3,1,-1,1,1,1,-1,-2,-2,-2,29
989,女,18~25,均匀的,财务会计,1,1,1,3,1,-1,1,-1,-1,-1,-2,29
990,女,18~25,均匀的,学生,1,3,2,1,2,3,3,-1,-1,1,-1,29
991,女,26~30,均匀的,設計,-1,-2,1,-1,1,1,-1,-1,1,-3,-3,29
992,女,26~30,偏胖的,服装,3,3,2,1,2,-1,1,2,1,2,2,29
993,女,26~30,均匀的,教师,-1,2,-1,1,1,1,-1,1,-2,-2,-2,29
994,女,26~30,均匀的,医师,-2,3,-1,-2,-2,-2,-2,-1,-2,-2,-2,29
995,女,26~30,偏胖的,医学,-1,3,2,1,-1,2,1,1,-1,1,-2,29
996,女,26~30,均匀的,服装,-1,2,-1,-2,1,2,-1,-3,3,-3,-3,29
997,女,26~30,均匀的,服装设计,1,2,-1,-3,1,3,-1,-3,3,-3,-3,29
998,女,26~30,均匀的,纺织研究助理,2,2,2,2,1,1,2,-3,-1,-2,-1,29
999,女,31~40,偏瘦的,(空),1,3,1,1,2,2,1,-3,-3,-3,-3,29
1000,女,31~40,均匀的,(空),1,-1,-1,1,2,2,1,-1,1,-3,-2,29
1001,女,31~40,均匀的,教师,1,2,-2,-2,-1,1,-2,-2,-1,1,-1,29
1002,女,31~40,偏胖的,教育,1,-2,1,-1,2,3,-2,-1,3,-2,-3,29
1003,男,18~25,均匀的,master of school of architecture,3,2,3,3,3,2,3,1,1,-1,2,29
1004,男,18~25,偏瘦的,广告,1,1,-2,-3,-3,-3,-2,-3,1,-3,-3,29
1005,男,18~25,均匀的,学生,1,1,1,1,1,1,1,1,1,1,1,29
1006,男,18~25,均匀的,学生,-1,3,1,-1,1,-1,1,-1,-1,-1,-1,29
1007,男,18~25,均匀的,学生,-1,3,-2,-1,-1,-1,-1,-1,-1,-1,-2,29
1008,男,18~25,均匀的,学生,2,3,-1,-1,-2,-1,1,1,-1,-1,-1,29
1009,男,18岁以下,偏瘦的,本科在校学生,-2,-1,-1,-2,-2,-1,-1,1,-1,-3,-2,29
1010,男,26~30,偏胖的,学生,1,2,1,1,-2,-2,-1,1,2,-2,-1,29
1011,男,26~30,均匀的,颜色科学,2,3,1,3,2,2,2,2,2,1,2,29
1012,男,26~30,偏胖的,(空),1,2,1,1,1,-1,-1,1,-1,-3,-3,29
1013,男,26~30,偏瘦的,design master,2,2,2,-2,3,2,-1,1,3,-2,-3,29
1014,男,31~40,偏胖的,工业设计,3,3,1,-2,2,2,1,1,3,-3,-3,29
1015,男,31~40,偏胖的,教師,2,-2,1,2,1,2,2,2,1,-1,-1,29
1016,男,31~40,偏胖的,(空),3,-2,3,3,3,3,-2,2,2,-2,2,29
1017,男,31~40,偏胖的,design phd,2,2,2,-1,-1,1,-1,1,3,-3,-3,29
1018,男,31~40,偏胖的,(空),3,2,3,3,1,2,2,-2,3,-3,-2,29
1019,男,41~50,均匀的,教师,1,3,1,-1,1,1,1,1,2,-1,-2,29
1020,女,18~25,偏胖的,行銷企劃,3,-2,-1,1,-3,-3,1,-1,3,-1,-1,30
1021,女,18~25,偏胖的,設計師,1,-2,1,-1,1,2,1,-3,3,-3,-3,30
1022,女,18~25,偏瘦的,学生,1,2,1,1,1,1,2,-1,1,-2,-2,30
1023,女,18~25,均匀的,财务会计,-2,-2,-1,3,1,-3,-1,-1,-1,-2,-1,30
1024,女,18~25,均匀的,学生,1,-3,-1,1,-1,1,1,1,-2,1,-1,30
1025,女,26~30,均匀的,設計,1,-2,1,1,3,1,1,1,1,-1,1,30
1026,女,26~30,偏胖的,服装,-2,-2,-1,2,-2,2,1,-1,2,-2,1,30
1027,女,26~30,均匀的,教师,-1,1,1,-1,-1,-1,-1,1,-2,-1,-2,30
1028,女,26~30,均匀的,医师,-2,-1,-2,-2,-2,-2,-2,1,-2,-1,-2,30
1029,女,26~30,偏胖的,医学,-1,-1,-2,2,1,2,1,-2,-1,-2,-2,30
1030,女,26~30,均匀的,服装,1,-1,1,-1,-1,1,1,-1,1,-2,-1,30
1031,女,26~30,均匀的,服装设计,3,1,2,3,-2,1,3,1,3,1,-1,30
1032,女,26~30,均匀的,纺织研究助理,1,1,3,2,1,2,2,-1,-2,-2,-1,30
1033,女,31~40,偏瘦的,(空),-1,3,1,-3,-1,1,-1,1,-3,-3,-3,30
1034,女,31~40,均匀的,(空),2,-2,1,1,-3,-3,1,2,1,2,3,30
1035,女,31~40,均匀的,教师,-1,-2,1,-1,-1,-1,-1,-1,-2,-2,1,30
1036,女,31~40,偏胖的,教育,2,-2,2,1,2,-2,2,1,3,3,3,30
1037,男,18~25,均匀的,master of school of architecture,3,-1,3,1,1,-1,3,-1,-2,2,3,30
1038,男,18~25,偏瘦的,广告,1,-1,1,2,1,-1,2,2,-2,3,2,30
1039,男,18~25,均匀的,学生,1,-1,1,1,1,1,1,1,1,1,1,30
1040,男,18~25,均匀的,学生,-1,-2,1,-1,-1,-1,1,-1,-1,1,1,30
1041,男,18~25,均匀的,学生,-2,1,-1,-2,-2,-2,-2,3,-2,3,3,30
1042,男,18~25,均匀的,学生,-1,-1,-1,-3,1,-2,-1,-1,-1,-1,-1,30
1043,男,18岁以下,偏瘦的,本科在校学生,-2,1,-1,-3,-1,-2,-1,1,-2,-3,-2,30
1044,男,26~30,偏胖的,学生,-1,-1,2,-3,-1,-2,2,-1,3,-1,-3,30
1045,男,26~30,均匀的,颜色科学,-2,2,-2,-2,-2,-2,-1,-2,-2,-2,-2,30
1046,男,26~30,偏胖的,(空),-1,1,1,1,1,-1,-1,1,-1,-2,-2,30
1047,男,26~30,偏瘦的,design master,3,1,3,2,3,3,3,-2,2,-2,1,30
1048,男,31~40,偏胖的,工业设计,-1,2,1,-3,-2,-3,-1,-1,1,-1,-2,30
1049,男,31~40,偏胖的,教師,-1,-2,-1,1,-1,-2,-2,-2,-2,-2,-2,30
1050,男,31~40,偏胖的,(空),1,-3,1,-2,-1,-1,1,2,2,2,-1,30
1051,男,31~40,偏胖的,design phd,1,-2,1,-1,-2,-1,1,-1,2,-1,-2,30
1052,男,31~40,偏胖的,(空),1,-3,2,-1,1,1,-2,1,-2,2,1,30
1053,男,41~50,均匀的,教师,1,-1,2,1,1,1,1,1,2,2,-1,30
1054,女,18~25,偏胖的,行銷企劃,3,-3,-2,3,2,-3,3,-2,1,3,3,31
1055,女,18~25,偏胖的,設計師,3,-3,-1,3,2,2,3,2,3,3,3,31
1056,女,18~25,偏瘦的,学生,2,2,1,1,1,2,2,-1,-2,-2,2,31
1057,女,18~25,均匀的,财务会计,2,-3,3,3,2,2,3,-1,3,1,3,31
1058,女,18~25,均匀的,学生,2,-3,2,2,1,1,-1,1,3,1,3,31
1059,女,26~30,均匀的,設計,1,-2,-1,3,-3,-3,3,-1,1,3,3,31
1060,女,26~30,偏胖的,服装,2,-1,2,1,2,2,1,3,2,3,1,31
1061,女,26~30,均匀的,教师,2,-1,1,2,2,2,2,-1,3,1,1,31
1062,女,26~30,均匀的,医师,2,-1,2,2,2,2,2,-2,2,-2,2,31
1063,女,26~30,偏胖的,医学,-1,2,-1,2,1,-1,1,-2,2,-1,-2,31
1064,女,26~30,均匀的,服装,-1,-1,-2,-1,-1,-2,-1,-2,1,-1,-2,31
1065,女,26~30,均匀的,服装设计,2,-3,1,3,1,-3,2,-2,1,2,-3,31
1066,女,26~30,均匀的,纺织研究助理,1,-3,-1,1,-2,-2,-1,-1,-2,2,-1,31
1067,女,31~40,偏瘦的,(空),2,1,-1,2,-2,-3,2,-3,-1,3,-1,31
1068,女,31~40,均匀的,(空),2,-2,-2,2,3,2,3,1,1,3,3,31
1069,女,31~40,均匀的,教师,1,-2,-1,-2,1,-1,-2,-1,-2,1,1,31
1070,女,31~40,偏胖的,教育,2,-2,-2,2,3,-2,2,2,2,3,2,31
1071,男,18~25,均匀的,master of school of architecture,3,-3,-1,3,1,-3,3,-2,-3,3,1,31
1072,男,18~25,偏瘦的,广告,3,1,3,3,-3,-3,3,3,-1,3,3,31
1073,男,18~25,均匀的,学生,1,1,1,1,1,1,1,1,1,1,1,31
1074,男,18~25,均匀的,学生,2,-3,1,1,2,1,2,1,1,1,1,31
1075,男,18~25,均匀的,学生,2,-1,3,2,3,2,3,2,1,1,1,31
1076,男,18~25,均匀的,学生,2,-2,2,1,2,2,1,1,3,1,1,31
1077,男,18岁以下,偏瘦的,本科在校学生,3,-1,3,2,2,3,2,2,2,-1,3,31
1078,男,26~30,偏胖的,学生,1,1,-1,3,3,1,2,-2,-2,3,2,31
1079,男,26~30,均匀的,颜色科学,1,-1,-1,-1,-3,-2,1,1,-2,1,2,31
1080,男,26~30,偏胖的,(空),2,-1,3,2,2,2,2,1,1,1,-1,31
1081,男,26~30,偏瘦的,design master,3,-1,-3,2,1,-3,-1,-2,-1,3,1,31
1082,男,31~40,偏胖的,工业设计,-1,2,-1,-1,-1,-2,1,-1,-3,3,3,31
1083,男,31~40,偏胖的,教師,-2,-2,-1,-2,-2,-2,-1,-2,-2,-2,-2,31
1084,男,31~40,偏胖的,(空),3,-3,1,2,1,-3,3,2,1,3,3,31
1085,男,31~40,偏胖的,design phd,-1,-3,-1,1,-1,-1,-1,1,-2,2,-2,31
1086,男,31~40,偏胖的,(空),1,-3,2,-2,-1,-1,2,-1,1,2,2,31
1087,男,41~50,均匀的,教师,-2,-2,-2,2,-2,-2,-2,1,1,-2,-2,31
1088,女,18~25,偏胖的,行銷企劃,1,1,-2,-1,-2,-3,1,-1,1,-2,-2,32
1089,女,18~25,偏胖的,設計師,-1,1,-3,1,1,1,-3,-3,-3,-3,-3,32
1090,女,18~25,偏瘦的,学生,1,-1,1,-3,-2,2,2,-2,-3,-3,-3,32
1091,女,18~25,均匀的,财务会计,1,-2,-1,1,1,2,-1,-1,2,-1,-2,32
1092,女,18~25,均匀的,学生,-1,-2,-1,2,-1,1,1,1,-1,-1,-1,32
1093,女,26~30,均匀的,設計,1,-2,-1,1,2,1,1,-1,-1,-1,1,32
1094,女,26~30,偏胖的,服装,-2,-3,1,1,-1,1,-2,1,2,-2,-2,32
1095,女,26~30,均匀的,教师,1,1,1,1,2,2,1,-1,2,-3,-2,32
1096,女,26~30,均匀的,医师,-1,-1,2,-2,-1,-1,-1,-1,2,-2,-1,32
1097,女,26~30,偏胖的,医学,-1,-1,1,-2,-1,1,1,-1,1,1,-2,32
1098,女,26~30,均匀的,服装,-1,-1,-1,-1,-2,-1,-1,-2,-1,-1,-1,32
1099,女,26~30,均匀的,服装设计,2,-2,1,3,3,2,3,-2,-3,-3,-3,32
1100,女,26~30,均匀的,纺织研究助理,1,-2,2,1,1,2,2,-2,-1,-2,-1,32
1101,女,31~40,偏瘦的,(空),-3,2,-2,-2,-1,-1,-3,2,-3,-3,-3,32
1102,女,31~40,均匀的,(空),-1,-2,-2,1,-1,1,-1,1,-2,-3,-3,32
1103,女,31~40,均匀的,教师,-2,-2,-1,-1,-1,-2,1,-1,1,1,-2,32
1104,女,31~40,偏胖的,教育,1,3,-2,2,2,2,3,2,-1,1,2,32
1105,男,18~25,均匀的,master of school of architecture,-1,2,-1,2,2,1,-1,2,-2,-3,-1,32
1106,男,18~25,偏瘦的,广告,-1,1,-1,2,1,-1,1,3,1,3,2,32
1107,男,18~25,均匀的,学生,1,-2,1,1,1,1,1,1,1,1,1,32
1108,男,18~25,均匀的,学生,-1,3,1,1,1,2,-1,-1,1,-1,-1,32
1109,男,18~25,均匀的,学生,2,-1,2,2,2,2,1,1,2,2,2,32
1110,男,18~25,均匀的,学生,-2,-2,1,-2,-1,-1,-1,-1,2,-2,-1,32
1111,男,18岁以下,偏瘦的,本科在校学生,-2,1,1,1,-2,2,1,-2,2,-2,-2,32
1112,男,26~30,偏胖的,学生,1,2,-1,2,2,2,1,1,1,1,1,32
1113,男,26~30,均匀的,颜色科学,-1,1,-1,-1,1,1,1,-1,1,-1,-1,32
1114,男,26~30,偏胖的,(空),2,2,2,1,2,2,1,1,-1,1,-1,32
1115,男,26~30,偏瘦的,design master,2,1,-2,2,3,1,3,-1,2,1,2,32
1116,男,31~40,偏胖的,工业设计,-2,2,-1,-1,-1,-1,-1,1,3,-3,-3,32
1117,男,31~40,偏胖的,教師,-1,-2,-2,-2,-2,-2,-2,-1,-1,-1,-1,32
1118,男,31~40,偏胖的,(空),-1,-3,-1,1,1,1,-1,-1,1,-1,-2,32
1119,男,31~40,偏胖的,design phd,1,-2,1,1,1,-1,1,1,2,-2,-2,32
1120,男,31~40,偏胖的,(空),3,2,2,2,3,-1,2,-1,2,1,1,32
1121,男,41~50,均匀的,教师,-1,1,-2,1,-2,-2,-1,-1,-1,1,-2,32
1122,女,18~25,偏胖的,行銷企劃,-3,-2,-1,-2,-3,-2,-2,-2,-1,-2,-3,33
1123,女,18~25,偏胖的,設計師,-3,-1,-2,-3,-2,-2,-2,-2,-3,-3,-3,33
1124,女,18~25,偏瘦的,学生,1,-2,-1,-2,-2,2,-1,-2,2,-2,-2,33
1125,女,18~25,均匀的,财务会计,1,-3,1,3,1,1,1,2,2,1,2,33
1126,女,18~25,均匀的,学生,1,-2,1,1,-1,-1,1,-1,2,-1,1,33
1127,女,26~30,均匀的,設計,-1,-3,-1,-1,1,-1,-1,-1,-2,-2,-1,33
1128,女,26~30,偏胖的,服装,-1,-3,1,-1,-1,-2,-1,-2,1,-2,-3,33
1129,女,26~30,均匀的,教师,-1,-2,1,-1,1,1,-1,-1,1,-2,-1,33
1130,女,26~30,均匀的,医师,-1,-2,1,-1,1,-1,-1,1,1,-1,1,33
1131,女,26~30,偏胖的,医学,1,-2,-1,-1,-1,1,1,-1,-1,-1,1,33
1132,女,26~30,均匀的,服装,-3,-2,-1,-2,-2,-2,-2,-2,-2,-2,-3,33
1133,女,26~30,均匀的,服装设计,-3,-3,-3,-1,-3,-3,-1,-1,-3,-3,-3,33
1134,女,26~30,均匀的,纺织研究助理,1,-1,2,2,1,1,-1,-1,-1,-2,-1,33
1135,女,31~40,偏瘦的,(空),-3,1,-3,1,-3,-3,-3,2,-3,3,-3,33
1136,女,31~40,均匀的,(空),-2,-3,-1,-3,-3,-3,1,3,-1,3,1,33
1137,女,31~40,均匀的,教师,1,-2,-1,-1,-2,1,-1,-1,1,-1,-1,33
1138,女,31~40,偏胖的,教育,-2,-3,2,-1,1,-2,2,-2,1,-3,-2,33
1139,男,18~25,均匀的,master of school of architecture,-1,-2,-1,-2,-2,-3,-1,-1,-3,1,-1,33
1140,男,18~25,偏瘦的,广告,1,1,-1,-2,1,-2,-1,2,1,-1,1,33
1141,男,18~25,均匀的,学生,1,-3,1,1,1,1,1,1,1,1,1,33
1142,男,18~25,均匀的,学生,-1,-3,1,1,-1,-1,-1,-1,1,-1,-1,33
1143,男,18~25,均匀的,学生,1,-3,2,1,-1,-1,-1,-2,1,-1,-1,33
1144,男,18~25,均匀的,学生,-2,-2,1,-1,-2,-2,-1,-2,-1,-2,-2,33
1145,男,18岁以下,偏瘦的,本科在校学生,-1,-2,-1,-2,-1,-1,-2,1,2,-2,-2,33
1146,男,26~30,偏胖的,学生,-3,1,1,-3,-2,-2,2,1,-3,-1,-2,33
1147,男,26~30,均匀的,颜色科学,-3,-1,-1,-3,-3,-3,-1,1,-1,-3,1,33
1148,男,26~30,偏胖的,(空),1,-1,3,1,1,2,1,1,1,-1,-1,33
1149,男,26~30,偏瘦的,design master,1,-2,2,-3,1,-2,2,1,3,-2,-3,33
1150,男,31~40,偏胖的,工业设计,-3,-1,-2,-2,-2,-3,-2,2,-1,2,2,33
1151,男,31~40,偏胖的,教師,-2,-2,-2,-2,-2,1,-1,-1,-1,-2,-2,33
1152,男,31~40,偏胖的,(空),1,-3,1,-2,-1,-2,1,-1,-1,2,-2,33
1153,男,31~40,偏胖的,design phd,1,-3,1,-2,-1,-1,1,1,-1,1,-1,33
1154,男,31~40,偏胖的,(空),-1,-3,2,3,2,-2,-1,-1,1,2,2,33
1155,男,41~50,均匀的,教师,-2,-1,-2,-1,-2,-2,-3,-1,-3,-3,-1,33
1156,女,18~25,偏胖的,行銷企劃,-3,-3,-2,-2,-3,-2,-1,1,1,-3,-1,34
1157,女,18~25,偏胖的,設計師,-1,-2,-2,1,-1,-1,1,1,-1,1,2,34
1158,女,18~25,偏瘦的,学生,1,-3,-1,1,2,2,2,-1,-3,-1,2,34
1159,女,18~25,均匀的,财务会计,-1,-3,-1,3,2,1,1,-1,1,-1,1,34
1160,女,18~25,均匀的,学生,1,-3,-2,-1,-2,1,-1,-1,-2,1,-1,34
1161,女,26~30,均匀的,設計,-1,-3,-1,1,-3,-3,-1,3,-1,3,3,34
1162,女,26~30,偏胖的,服装,-2,-3,-1,2,2,1,1,-2,-1,-3,-2,34
1163,女,26~30,均匀的,教师,-3,-3,-1,-3,2,2,-2,1,-1,-3,-3,34
1164,女,26~30,均匀的,医师,-2,-3,-2,-1,-2,-2,-2,1,-2,-3,-2,34
1165,女,26~30,偏胖的,医学,-2,-2,-2,-2,-1,-2,-1,-2,-1,-1,-3,34
1166,女,26~30,均匀的,服装,-1,-2,-1,-2,-2,-2,-2,-1,-1,-2,-1,34
1167,女,26~30,均匀的,服装设计,2,-3,-1,1,1,1,1,2,1,2,-3,34
1168,女,26~30,均匀的,纺织研究助理,-1,-3,2,2,2,1,1,1,-1,1,1,34
1169,女,31~40,偏瘦的,(空),-3,1,-3,1,-3,-3,-3,3,-3,3,-3,34
1170,女,31~40,均匀的,(空),-1,-3,-2,-3,1,-1,-1,-2,-2,-2,-2,34
1171,女,31~40,均匀的,教师,1,-3,-1,-1,-2,-2,-1,1,-2,-1,2,34
1172,女,31~40,偏胖的,教育,-1,-2,-1,1,1,-1,-1,2,-1,2,1,34
1173,男,18~25,均匀的,master of school of architecture,-1,-3,-1,1,3,-1,-1,2,-2,2,2,34
1174,男,18~25,偏瘦的,广告,-1,1,2,3,-3,1,2,3,-1,3,3,34
1175,男,18~25,均匀的,学生,1,-2,1,1,1,1,1,1,1,1,1,34
1176,男,18~25,均匀的,学生,-1,-2,-1,1,1,2,-1,1,-1,1,-1,34
1177,男,18~25,均匀的,学生,1,-3,1,-1,1,1,-1,-2,2,-1,-2,34
1178,男,18~25,均匀的,学生,-3,-2,-3,-3,-2,-2,-3,-3,-2,-3,-3,34
1179,男,18岁以下,偏瘦的,本科在校学生,-2,1,-1,1,2,3,-1,2,2,-2,-2,34
1180,男,26~30,偏胖的,学生,-2,-2,2,1,-1,-2,2,-1,-1,2,-1,34
1181,男,26~30,均匀的,颜色科学,-1,-1,-1,-2,1,-1,1,1,-1,-1,-1,34
1182,男,26~30,偏胖的,(空),-1,-2,-1,1,1,1,1,1,1,-1,-1,34
1183,男,26~30,偏瘦的,design master,-2,-2,2,-3,-1,-1,-1,2,2,-1,-1,34
1184,男,31~40,偏胖的,工业设计,-2,-2,-2,1,-2,-2,-1,2,-3,3,3,34
1185,男,31~40,偏胖的,教師,-2,-2,-2,-2,-2,-2,-3,-2,-2,-1,-2,34
1186,男,31~40,偏胖的,(空),-2,-3,-2,-2,-1,-2,2,-1,-2,2,2,34
1187,男,31~40,偏胖的,design phd,-1,-2,-1,1,-1,-1,-1,1,1,-1,-1,34
1188,男,31~40,偏胖的,(空),-3,-3,-2,2,-2,-1,-2,2,-3,1,3,34
1189,男,41~50,均匀的,教师,-1,-2,-2,1,-3,-3,-2,-1,-2,2,1,34
1190,女,18~25,偏胖的,行銷企劃,-3,-3,-3,-3,-2,-3,1,2,1,-2,-2,35
1191,女,18~25,偏胖的,設計師,-2,-3,-2,-1,-2,-2,-2,-1,-3,-1,-1,35
1192,女,18~25,偏瘦的,学生,1,-3,-2,1,1,-1,1,2,-3,2,3,35
1193,女,18~25,均匀的,财务会计,-2,-3,-2,3,2,1,1,1,1,-2,-1,35
1194,女,18~25,均匀的,学生,1,-3,-2,-1,1,-2,-2,1,1,1,1,35
1195,女,26~30,均匀的,設計,-3,-3,-3,1,-3,-3,-3,3,-1,2,1,35
1196,女,26~30,偏胖的,服装,-2,-3,-1,1,1,-1,-2,1,-1,-2,1,35
1197,女,26~30,均匀的,教师,-2,-2,-1,-2,-1,-1,-2,1,-3,1,-1,35
1198,女,26~30,均匀的,医师,-1,-3,-1,1,1,-1,1,2,-1,2,1,35
1199,女,26~30,偏胖的,医学,-1,-2,1,-1,-1,-1,-1,1,-1,-1,-1,35
1200,女,26~30,均匀的,服装,-3,-3,-1,-3,-3,-3,-3,1,-3,-3,-3,35
1201,女,26~30,均匀的,服装设计,-2,-3,-1,2,2,-2,1,2,-3,1,2,35
1202,女,26~30,均匀的,纺织研究助理,-2,-3,-1,1,1,-1,-2,2,1,2,-1,35
1203,女,31~40,偏瘦的,(空),-3,-1,-3,2,-3,-3,-3,3,-3,3,-3,35
1204,女,31~40,均匀的,(空),-2,-3,-2,-3,-2,-2,1,3,-1,3,3,35
1205,女,31~40,均匀的,教师,-1,-3,1,2,-1,1,-1,1,-2,-1,1,35
1206,女,31~40,偏胖的,教育,-3,-2,-1,-2,-3,-3,-2,2,-2,1,-2,35
1207,男,18~25,均匀的,master of school of architecture,-1,-3,-1,3,3,-3,-1,3,-1,3,3,35
1208,男,18~25,偏瘦的,广告,-1,1,1,3,1,-2,2,1,-3,3,2,35
1209,男,18~25,均匀的,学生,1,-1,1,1,1,1,1,1,1,1,1,35
1210,男,18~25,均匀的,学生,-1,-2,-1,-1,1,1,-1,1,-1,1,1,35
1211,男,18~25,均匀的,学生,1,-3,-1,2,1,1,2,1,-1,2,2,35
1212,男,18~25,均匀的,学生,-3,1,-3,-2,1,-1,-2,-2,-1,-2,-2,35
1213,男,18岁以下,偏瘦的,本科在校学生,1,-1,1,1,1,-1,1,2,-2,-2,1,35
1214,男,26~30,偏胖的,学生,-3,-1,1,1,-2,-2,2,2,-2,1,2,35
1215,男,26~30,均匀的,颜色科学,-1,-1,-1,-2,-3,-3,-1,2,-2,2,2,35
1216,男,26~30,偏胖的,(空),-1,-3,-1,1,-1,-1,-1,1,-1,1,-1,35
1217,男,26~30,偏瘦的,design master,-3,-2,1,-1,-3,-2,-3,2,-1,-1,1,35
1218,男,31~40,偏胖的,工业设计,-3,-3,-2,2,-3,-3,-2,3,-3,3,3,35
1219,男,31~40,偏胖的,教師,1,-2,-2,-2,-2,-1,-1,-2,-2,-2,-2,35
1220,男,31~40,偏胖的,(空),-2,-3,-1,-2,-1,-2,2,-1,-1,2,-2,35
1221,男,31~40,偏胖的,design phd,-1,-3,-1,2,1,1,-1,1,-1,1,1,35
1222,男,31~40,偏胖的,(空),-2,-3,-3,2,1,-2,-2,-1,-2,-1,-2,35
1223,男,41~50,均匀的,教师,-3,-3,-1,1,-2,-2,-2,-1,-2,1,1,35
1224,女,18~25,偏胖的,行銷企劃,-3,-3,-2,-2,-2,-3,2,2,1,1,2,36
1225,女,18~25,偏胖的,設計師,-3,-2,-2,-3,-2,-3,-2,-2,-3,-3,-3,36
1226,女,18~25,偏瘦的,学生,-1,-3,-2,1,2,1,2,1,-2,1,2,36
1227,女,18~25,均匀的,财务会计,1,-3,1,3,2,1,1,1,1,-1,-1,36
1228,女,18~25,均匀的,学生,-2,-3,1,-1,-1,-1,-1,-2,1,-1,-2,36
1229,女,26~30,均匀的,設計,-2,-3,-2,-1,-2,-2,-3,1,-3,1,-3,36
1230,女,26~30,偏胖的,服装,-2,-3,-1,1,-1,-2,-2,-1,-2,-2,-2,36
1231,女,26~30,均匀的,教师,-2,-3,-1,-2,1,1,-2,1,-2,-2,-2,36
1232,女,26~30,均匀的,医师,-2,-3,-2,-2,-2,-2,-2,1,-2,-2,-2,36
1233,女,26~30,偏胖的,医学,2,-2,1,2,2,2,2,1,2,3,2,36
1234,女,26~30,均匀的,服装,-3,-3,-1,-3,-3,-3,-3,1,-3,-3,-3,36
1235,女,26~30,均匀的,服装设计,1,-3,1,-1,1,1,-1,-1,-2,-3,-3,36
1236,女,26~30,均匀的,纺织研究助理,-1,-2,1,-1,1,-1,-1,2,-1,1,-2,36
1237,女,31~40,偏瘦的,(空),-3,-2,-3,-3,-3,-3,-3,3,-3,3,-3,36
1238,女,31~40,均匀的,(空),-2,-3,2,-3,-3,-3,-1,3,1,3,3,36
1239,女,31~40,均匀的,教师,1,-3,1,2,-2,1,-1,1,-1,-2,-2,36
1240,女,31~40,偏胖的,教育,1,-2,-1,-2,-2,-2,-1,1,-2,-2,-3,36
1241,男,18~25,均匀的,master of school of architecture,-1,-2,-1,-2,3,-3,1,2,-1,3,2,36
1242,男,18~25,偏瘦的,广告,-1,1,1,3,-1,-2,-2,1,-3,3,2,36
1243,男,18~25,均匀的,学生,1,-1,1,1,1,1,1,1,1,1,1,36
1244,男,18~25,均匀的,学生,-1,-2,1,-1,1,-1,1,1,-1,1,1,36
1245,男,18~25,均匀的,学生,-2,-2,-2,-1,-2,-2,-2,3,2,3,3,36
1246,男,18~25,均匀的,学生,-3,-3,-2,-1,-3,-3,-1,-2,-2,-3,-2,36
1247,男,18岁以下,偏瘦的,本科在校学生,-2,-3,-1,-2,-1,-1,-2,1,-2,1,1,36
1248,男,26~30,偏胖的,学生,3,-1,3,1,3,3,3,1,-1,3,3,36
1249,男,26~30,均匀的,颜色科学,-1,-1,-1,-2,-2,-1,1,1,-1,1,-1,36
1250,男,26~30,偏胖的,(空),-1,-1,-1,1,1,-1,-1,1,-1,-3,-3,36
1251,男,26~30,偏瘦的,design master,-2,-1,-1,1,1,-2,-1,1,-1,2,1,36
1252,男,31~40,偏胖的,工业设计,-3,-3,-2,1,-3,-3,-1,3,-3,3,3,36
1253,男,31~40,偏胖的,教師,-2,-2,-1,-2,-2,-2,-1,-2,-1,-1,-2,36
1254,男,31~40,偏胖的,(空),-2,-3,-2,-2,-2,-2,-2,-1,-2,2,-2,36
1255,男,31~40,偏胖的,design phd,-1,-2,-1,-1,-1,-1,-1,1,-2,1,-2,36
1256,男,31~40,偏胖的,(空),-2,2,2,-2,-3,2,1,-1,-3,-3,-3,36
1257,男,41~50,均匀的,教师,-2,-2,-2,-1,-3,-3,-2,-1,-2,-2,-1,36
1258,女,18~25,偏胖的,行銷企劃,2,-2,1,1,1,-3,3,-1,1,2,2,37
1259,女,18~25,偏胖的,設計師,-3,-3,-3,-3,-2,-2,-2,-1,-3,-2,-3,37
1260,女,18~25,偏瘦的,学生,1,-2,-1,-1,1,1,-1,1,-2,-1,1,37
1261,女,18~25,均匀的,财务会计,1,-3,1,3,2,1,2,1,1,-2,1,37
1262,女,18~25,均匀的,学生,-2,-3,1,-1,-2,-2,1,-2,1,-1,1,37
1263,女,26~30,均匀的,設計,-1,-3,-1,-1,-1,-1,-1,-1,-1,-2,-2,37
1264,女,26~30,偏胖的,服装,2,-2,1,3,2,1,2,3,2,3,2,37
1265,女,26~30,均匀的,教师,-2,-1,1,-1,2,1,-2,1,-2,-2,-3,37
1266,女,26~30,均匀的,医师,-3,-2,-2,-3,-2,-2,-2,1,-2,-1,-2,37
1267,女,26~30,偏胖的,医学,1,-1,2,-1,1,1,1,1,-1,1,1,37
1268,女,26~30,均匀的,服装,-1,-2,1,-3,-2,-3,1,-1,-3,-2,-1,37
1269,女,26~30,均匀的,服装设计,2,-3,-1,-2,-1,-2,2,-3,-1,-3,-3,37
1270,女,26~30,均匀的,纺织研究助理,-2,-1,-2,-3,-2,-2,-2,-2,-3,-2,-3,37
1271,女,31~40,偏瘦的,(空),-2,-1,-2,-2,-2,-3,-1,1,-2,2,-3,37
1272,女,31~40,均匀的,(空),3,-3,-2,-2,-1,-2,1,2,1,3,3,37
1273,女,31~40,均匀的,教师,-2,-2,1,1,-1,-2,1,1,-1,-1,-2,37
1274,女,31~40,偏胖的,教育,2,-3,1,-2,1,-3,1,1,1,-3,-2,37
1275,男,18~25,均匀的,master of school of architecture,-1,-2,-1,1,3,-3,1,3,-1,3,2,37
1276,男,18~25,偏瘦的,广告,-2,1,-1,3,-2,-2,-3,3,-1,3,1,37
1277,男,18~25,均匀的,学生,1,-1,1,1,1,1,1,1,1,1,1,37
1278,男,18~25,均匀的,学生,-1,-3,1,-1,1,1,1,1,-1,1,1,37
1279,男,18~25,均匀的,学生,-1,-1,-1,-2,-1,-2,1,2,1,2,2,37
1280,男,18~25,均匀的,学生,-2,-3,-1,-2,-1,-2,-2,-1,-1,-2,-1,37
1281,男,18岁以下,偏瘦的,本科在校学生,-1,-2,-1,-1,-1,-1,-1,1,-2,1,1,37
1282,男,26~30,偏胖的,学生,1,-1,2,3,3,3,2,-1,2,2,2,37
1283,男,26~30,均匀的,颜色科学,1,-1,-1,-2,-3,-3,-1,1,-1,1,-1,37
1284,男,26~30,偏胖的,(空),-1,-2,-1,1,1,-1,-1,1,-1,-2,-3,37
1285,男,26~30,偏瘦的,design master,2,-1,1,1,-1,-2,3,-1,-1,3,2,37
1286,男,31~40,偏胖的,工业设计,1,2,1,-1,-1,-2,1,-1,-2,3,3,37
1287,男,31~40,偏胖的,教師,-2,-2,-2,-2,-2,-2,-1,-1,-2,-2,-1,37
1288,男,31~40,偏胖的,(空),1,-3,1,-1,-2,-2,3,2,-1,2,2,37
1289,男,31~40,偏胖的,design phd,-1,-3,-1,-1,-1,-1,-1,-1,-1,1,-1,37
1290,男,31~40,偏胖的,(空),1,-3,2,-1,2,2,2,2,-1,2,-1,37
1291,男,41~50,均匀的,教师,-2,-1,-1,-2,-2,-3,-1,1,-2,2,-2,37
1292,女,18~25,偏胖的,行銷企劃,-3,-3,-3,-3,-2,-3,-3,2,1,2,3,38
1293,女,18~25,偏胖的,設計師,-2,-2,-2,2,-1,-1,-2,2,-1,2,2,38
1294,女,18~25,偏瘦的,学生,2,-3,1,1,2,-1,2,1,3,1,2,38
1295,女,18~25,均匀的,财务会计,1,-3,3,3,2,1,3,2,3,1,3,38
1296,女,18~25,均匀的,学生,-2,-3,1,-1,1,1,-2,-2,-1,1,-1,38
1297,女,26~30,均匀的,設計,-3,-3,-3,2,3,-3,-3,3,-1,3,3,38
1298,女,26~30,偏胖的,服装,-2,-3,-1,1,1,1,1,2,-2,2,-2,38
1299,女,26~30,均匀的,教师,-1,-2,1,3,1,1,1,-1,2,1,2,38
1300,女,26~30,均匀的,医师,-1,-3,-1,-1,-1,-1,-1,1,-1,-2,-1,38
1301,女,26~30,偏胖的,医学,1,-1,2,-1,1,1,1,-1,2,1,1,38
1302,女,26~30,均匀的,服装,-2,-3,2,-2,-2,-2,-2,1,-3,-2,-2,38
1303,女,26~30,均匀的,服装设计,-3,-3,-2,3,-3,-2,-2,3,3,-1,-3,38
1304,女,26~30,均匀的,纺织研究助理,-1,-3,-1,3,2,1,-1,1,-1,2,1,38
1305,女,31~40,偏瘦的,(空),-3,-2,-3,2,-3,-3,-3,3,-3,3,-3,38
1306,女,31~40,均匀的,(空),-3,-3,-2,-2,1,-2,-1,3,-1,3,3,38
1307,女,31~40,均匀的,教师,-1,-3,1,2,-1,1,-1,1,-1,-1,1,38
1308,女,31~40,偏胖的,教育,-3,3,-2,-3,-2,-3,-2,2,-3,1,-3,38
1309,男,18~25,均匀的,master of school of architecture,-2,-3,-2,1,3,-2,-2,3,-2,3,1,38
1310,男,18~25,偏瘦的,广告,-2,1,-3,3,-2,-2,-1,3,-1,3,2,38
1311,男,18~25,均匀的,学生,1,1,1,1,1,1,1,1,1,1,1,38
1312,男,18~25,均匀的,学生,-1,-2,1,1,1,1,1,-1,-1,1,1,38
1313,男,18~25,均匀的,学生,-1,-2,1,-2,2,-1,1,2,2,2,3,38
1314,男,18~25,均匀的,学生,-2,-3,-2,-1,1,1,1,-2,-2,-2,-2,38
1315,男,18岁以下,偏瘦的,本科在校学生,1,-3,1,-1,-1,-1,1,1,2,-2,2,38
1316,男,26~30,偏胖的,学生,-2,2,1,1,2,-2,1,2,-1,2,-1,38
1317,男,26~30,均匀的,颜色科学,-1,-1,-1,-3,-3,-3,-1,3,-3,3,2,38
1318,男,26~30,偏胖的,(空),1,-3,1,1,1,1,1,1,1,-2,-1,38
1319,男,26~30,偏瘦的,design master,-2,-2,2,-1,-2,-2,2,1,-2,2,2,38
1320,男,31~40,偏胖的,工业设计,-3,-3,-3,3,-3,-3,-2,3,-3,3,3,38
1321,男,31~40,偏胖的,教師,-1,-2,-2,-1,-2,-2,1,-1,-1,-2,-2,38
1322,男,31~40,偏胖的,(空),-3,-3,-3,-2,-2,-2,3,-1,1,3,3,38
1323,男,31~40,偏胖的,design phd,-1,-2,-1,1,1,-1,-1,-1,-1,1,-1,38
1324,男,31~40,偏胖的,(空),-2,-3,-3,2,1,-2,2,2,-2,2,1,38
1325,男,41~50,均匀的,教师,-1,-3,-1,1,-1,-1,1,-1,-3,2,3,38
1326,女,18~25,偏胖的,行銷企劃,3,-3,-2,3,2,-3,3,-2,1,3,3,39
1327,女,18~25,偏胖的,設計師,2,-1,-1,3,3,-3,3,2,2,3,3,39
1328,女,18~25,偏瘦的,学生,1,-3,2,1,-1,2,1,-1,2,-2,-2,39
1329,女,18~25,均匀的,财务会计,1,-3,2,3,2,2,1,2,3,2,1,39
1330,女,18~25,均匀的,学生,-1,-3,-1,-1,-1,-1,-1,2,2,-1,-1,39
1331,女,26~30,均匀的,設計,3,-3,-1,3,-3,-3,3,-1,1,3,3,39
1332,女,26~30,偏胖的,服装,1,-1,1,3,3,1,1,1,1,1,1,39
1333,女,26~30,均匀的,教师,-1,1,2,1,1,1,1,-1,1,-1,-1,39
1334,女,26~30,均匀的,医师,1,-1,2,1,2,2,1,-1,2,-2,1,39
1335,女,26~30,偏胖的,医学,1,1,-1,-1,1,1,1,1,2,-1,1,39
1336,女,26~30,均匀的,服装,3,-2,-1,3,-2,-2,3,-2,1,-1,-1,39
1337,女,26~30,均匀的,服装设计,-1,-3,1,3,-2,-1,3,1,3,2,-3,39
1338,女,26~30,均匀的,纺织研究助理,2,-2,-1,2,-1,-2,1,-2,-1,3,1,39
1339,女,31~40,偏瘦的,(空),1,-2,-1,3,-2,-3,1,1,-1,3,-1,39
1340,女,31~40,均匀的,(空),3,-3,-3,2,-1,1,3,2,1,3,3,39
1341,女,31~40,均匀的,教师,-1,-2,1,2,-1,-1,1,1,-2,-1,-1,39
1342,女,31~40,偏胖的,教育,3,-2,-1,3,-1,-3,3,-1,1,2,3,39
1343,男,18~25,均匀的,master of school of architecture,2,-3,-1,3,-3,-3,-1,-2,-2,3,1,39
1344,男,18~25,偏瘦的,广告,-1,1,2,3,-3,-3,-1,3,-1,3,3,39
1345,男,18~25,均匀的,学生,1,-2,1,1,1,1,1,1,1,1,1,39
1346,男,18~25,均匀的,学生,-1,-3,1,1,1,2,1,1,1,1,1,39
1347,男,18~25,均匀的,学生,-1,1,2,1,-1,-1,-1,-2,-2,-1,-2,39
1348,男,18~25,均匀的,学生,1,1,2,1,2,1,-1,-2,1,-2,-3,39
1349,男,18岁以下,偏瘦的,本科在校学生,1,-3,1,1,-1,2,1,1,1,-1,-1,39
1350,男,26~30,偏胖的,学生,-1,3,-1,3,1,1,3,-1,-1,2,2,39
1351,男,26~30,均匀的,颜色科学,3,-1,2,3,3,3,3,3,-3,3,3,39
1352,男,26~30,偏胖的,(空),1,-1,3,2,2,2,1,1,-1,-1,-2,39
1353,男,26~30,偏瘦的,design master,3,-1,-3,3,-3,-3,-1,-1,-1,3,2,39
1354,男,31~40,偏胖的,工业设计,2,3,2,3,2,2,2,-1,-3,3,3,39
1355,男,31~40,偏胖的,教師,-2,-2,-1,-1,-2,-2,-2,-1,-1,-2,-2,39
1356,男,31~40,偏胖的,(空),3,-3,1,3,3,-3,3,3,3,3,3,39
1357,男,31~40,偏胖的,design phd,1,-1,-1,2,1,1,-1,-1,-1,1,1,39
1358,男,31~40,偏胖的,(空),2,1,1,2,2,-2,1,-2,1,3,2,39
1359,男,41~50,均匀的,教师,-1,-2,-2,1,-2,-2,-1,1,2,3,1,39
1360,女,18~25,偏胖的,行銷企劃,-2,-3,-2,-3,1,-2,1,3,1,3,3,40
1361,女,18~25,偏胖的,設計師,-3,-3,-3,3,2,-1,1,3,-1,3,3,40
1362,女,18~25,偏瘦的,学生,1,-3,-1,-1,-1,1,1,-1,2,-2,-2,40
1363,女,18~25,均匀的,财务会计,-2,-3,1,3,2,-1,1,2,3,2,3,40
1364,女,18~25,均匀的,学生,1,-2,1,1,1,-1,-1,-1,-1,-1,1,40
1365,女,26~30,均匀的,設計,-3,-3,-3,2,-3,-3,-2,3,-1,3,3,40
1366,女,26~30,偏胖的,服装,-3,-3,-3,-3,-3,2,-3,2,-3,2,-3,40
1367,女,26~30,均匀的,教师,-2,-2,1,-2,2,2,-1,-1,1,-2,2,40
1368,女,26~30,均匀的,医师,-2,-3,1,-1,-1,-1,-1,-1,1,-1,-1,40
1369,女,26~30,偏胖的,医学,1,-1,1,-1,-1,1,1,1,1,1,1,40
1370,女,26~30,均匀的,服装,-1,-3,3,-2,-2,-2,-3,2,-2,-1,-1,40
1371,女,26~30,均匀的,服装设计,-2,-3,-1,3,-2,-2,-2,2,-1,-1,-2,40
1372,女,26~30,均匀的,纺织研究助理,-3,-3,-2,1,-2,-2,-3,3,1,2,-2,40
1373,女,31~40,偏瘦的,(空),-3,-3,-3,2,1,-2,-3,3,-3,3,-3,40
1374,女,31~40,均匀的,(空),-3,-3,-2,-3,-2,-2,1,3,-1,3,3,40
1375,女,31~40,均匀的,教师,-1,-3,1,1,-1,-1,-1,-1,-1,1,-1,40
1376,女,31~40,偏胖的,教育,-3,3,-2,-2,-1,-3,-3,1,-2,-2,-3,40
1377,男,18~25,均匀的,master of school of architecture,-2,-3,-2,1,3,3,-2,3,-1,3,2,40
1378,男,18~25,偏瘦的,广告,-3,1,-2,3,-2,-3,-3,3,1,3,3,40
1379,男,18~25,均匀的,学生,-1,1,-1,2,1,1,1,1,1,1,1,40
1380,男,18~25,均匀的,学生,-1,-3,2,1,2,1,1,-1,1,-1,-1,40
1381,男,18~25,均匀的,学生,-2,-3,1,-1,-2,-2,-2,-1,-1,-1,-2,40
1382,男,18~25,均匀的,学生,-2,2,1,-2,1,-1,-1,-3,-2,-3,-3,40
1383,男,18岁以下,偏瘦的,本科在校学生,1,-3,1,-1,-1,-1,-1,1,-1,-2,-1,40
1384,男,26~30,偏胖的,学生,-3,3,2,1,-3,-3,2,2,-1,2,2,40
1385,男,26~30,均匀的,颜色科学,-2,-1,-2,-3,-3,-3,-3,2,-2,2,2,40
1386,男,26~30,偏胖的,(空),-1,-3,2,1,2,2,1,1,1,-2,-1,40
1387,男,26~30,偏瘦的,design master,-3,-2,2,1,-2,-3,-1,-1,-3,3,1,40
1388,男,31~40,偏胖的,工业设计,-3,-3,-3,3,-3,-3,-2,3,-3,3,3,40
1389,男,31~40,偏胖的,教師,-2,-2,-2,1,-1,-2,-2,-2,-2,-2,-2,40
1390,男,31~40,偏胖的,(空),-2,1,-3,-2,-2,-2,2,-1,-3,3,3,40
1391,男,31~40,偏胖的,design phd,-2,-3,-2,1,1,-1,-1,-2,-2,-1,-2,40
1392,男,31~40,偏胖的,(空),-3,-3,-1,2,-2,-3,-2,2,-3,2,3,40
1393,男,41~50,均匀的,教师,-2,-3,-2,-1,-3,-2,-2,-2,-2,-1,1,40
